contradiction	David has a lipstick. He is serious.	Lipstick is serious.
contradiction	Roy has a mirror. He is fiery.	Mirror is fiery.
contradiction	Emma has a diary. She is brilliant.	Diary is brilliant.
contradiction	Adam has a stamp. He is deft.	Stamp is deft.
contradiction	Fiona has a coin. She is logical.	Coin is logical.
contradiction	Jim has a lipstick. He is distraught.	Lipstick is distraught.
contradiction	Kathy has a magazine. She is lame.	Magazine is lame.
contradiction	Daniel has a clip. He is sloppy.	Clip is sloppy.
contradiction	Kate has a brush. She is deferential.	Brush is deferential.
contradiction	Amanda has a cigarette. She is surly.	Cigarette is surly.
contradiction	Francis has a battery. He is orderly.	Battery is orderly.
contradiction	Sarah has a glass. She is unreliable.	Glass is unreliable.
contradiction	Judith has a coin. She is unreliable.	Coin is unreliable.
contradiction	William has a case. He is versatile.	Case is versatile.
contradiction	Alfred has a bottle. He is great.	Bottle is great.
contradiction	Bob has a car. He is amusing.	Car is amusing.
contradiction	Alex has a toothbrush. He is jovial.	Toothbrush is jovial.
contradiction	Lauren has a scissor. She is peaceful.	Scissor is peaceful.
contradiction	Eric has a tissue. He is sturdy.	Tissue is sturdy.
contradiction	Nancy has a banknote. She is reclusive.	Banknote is reclusive.
contradiction	Steven has a match. He is inconsistent.	Match is inconsistent.
contradiction	Ian has a tissue. He is intolerant.	Tissue is intolerant.
contradiction	Johnny has an identity card. He is impulsive.	Identity card is impulsive.
contradiction	Diana has a scissor. She is awful.	Scissor is awful.
contradiction	Kathleen has an alarm clock. She is absent-minded.	Alarm clock is absent-minded.
contradiction	Anna has a newspaper. She is curious.	Newspaper is curious.
contradiction	Al has a lipstick. He is agreeable.	Lipstick is agreeable.
contradiction	Dick has a player. He is kind.	Player is kind.
contradiction	Judy has a headphone. She is judgmental.	Headphone is judgmental.
contradiction	Jim has a credit card. He is gentle.	Credit card is gentle.
contradiction	Alice has a rubber. She is earnest.	Rubber is earnest.
contradiction	Billy has a wallet. He is content.	Wallet is content.
contradiction	Suzanne has a glass. She is analytical.	Glass is analytical.
contradiction	Roy has a pencil. He is devoted.	Pencil is devoted.
contradiction	Heather has a toothbrush. She is responsible.	Toothbrush is responsible.
contradiction	Julie has a glass. She is demure.	Glass is demure.
contradiction	Donald has a cigarette. He is beautiful.	Cigarette is beautiful.
contradiction	Billy has a lighter. He is fastidious.	Lighter is fastidious.
contradiction	Paul has a file. He is unthinking.	File is unthinking.
contradiction	Heather has a postcard. She is indolent.	Postcard is indolent.
contradiction	Donna has a magazine. She is venal.	Magazine is venal.
contradiction	Donald has a glass. He is polite.	Glass is polite.
contradiction	Joseph has a purse. He is content.	Purse is content.
contradiction	Jeff has a scissor. He is content.	Scissor is content.
contradiction	Deborah has an umbrella. She is paternal.	Umbrella is paternal.
contradiction	Jonathan has a watch. He is thoughtful.	Watch is thoughtful.
contradiction	Donald has a photo. He is efficient.	Photo is efficient.
contradiction	Kevin has a mobile phone. He is smart.	Mobile phone is smart.
contradiction	Alan has a cigarette. He is indefatigable.	Cigarette is indefatigable.
contradiction	Marilyn has a notebook. She is sleepy.	Notebook is sleepy.
contradiction	Nicole has a pencil. She is drowsy.	Pencil is drowsy.
contradiction	Louis has a player. He is tolerant.	Player is tolerant.
contradiction	Jay has a lighter. He is independent.	Lighter is independent.
contradiction	Keith has a stamp. He is shy.	Stamp is shy.
contradiction	Henry has a comb. He is immature.	Comb is immature.
contradiction	Katherine has a dictionary. She is mild.	Dictionary is mild.
contradiction	Ron has a photo. He is great.	Photo is great.
contradiction	Al has a scissor. He is dutiful.	Scissor is dutiful.
contradiction	Kathryn has a cigarette. She is alert.	Cigarette is alert.
contradiction	Marilyn has a wallet. She is inspiring.	Wallet is inspiring.
contradiction	Simon has a bottle. He is plain.	Bottle is plain.
contradiction	Charlotte has an umbrella. She is beautiful.	Umbrella is beautiful.
contradiction	Jill has a postcard. She is delicate.	Postcard is delicate.
contradiction	Katherine has a mirror. She is assertive.	Mirror is assertive.
contradiction	Peter has a match. He is unhelpful.	Match is unhelpful.
contradiction	Marie has a watch. She is unaffected.	Watch is unaffected.
contradiction	Richard has a cigarette. He is artificial.	Cigarette is artificial.
contradiction	Ray has a toothbrush. He is assertive.	Toothbrush is assertive.
contradiction	Karen has a laptop. She is natural.	Laptop is natural.
contradiction	James has a magazine. He is well-developed.	Magazine is well-developed.
contradiction	Samuel has a light bulb. He is unreliable.	Light bulb is unreliable.
contradiction	Jimmy has a mirror. He is short-tempered.	Mirror is short-tempered.
contradiction	Thomas has a headphone. He is awesome.	Headphone is awesome.
contradiction	Jay has a lipstick. He is mean.	Lipstick is mean.
contradiction	David has a match. He is quarrelsome.	Match is quarrelsome.
contradiction	Lucy has a case. She is querulous.	Case is querulous.
contradiction	Johnny has an alarm clock. He is demure.	Alarm clock is demure.
contradiction	Jay has an umbrella. He is weak.	Umbrella is weak.
contradiction	Sandra has a wallet. She is nervous.	Wallet is nervous.
contradiction	Nick has a diary. He is fastidious.	Diary is fastidious.
contradiction	Howard has a purse. He is maternal.	Purse is maternal.
contradiction	David has a newspaper. He is warmhearted.	Newspaper is warmhearted.
contradiction	Lynn has a diary. She is gluttonous.	Diary is gluttonous.
contradiction	Francis has a match. He is tactful.	Match is tactful.
contradiction	Andrew has a clip. He is hearty.	Clip is hearty.
contradiction	Betty has a coin. She is warm.	Coin is warm.
contradiction	Christopher has an alarm clock. He is gloomy.	Alarm clock is gloomy.
contradiction	Dick has a lighter. He is kind.	Lighter is kind.
contradiction	Ryan has a wallet. He is apathetic.	Wallet is apathetic.
contradiction	Larry has a bottle. He is unsure.	Bottle is unsure.
contradiction	Louis has a brush. He is egotistical.	Brush is egotistical.
contradiction	Harold has a match. He is mature.	Match is mature.
contradiction	Simon has a photo. He is incompetent.	Photo is incompetent.
contradiction	Angela has an umbrella. She is ridiculous.	Umbrella is ridiculous.
contradiction	Johnny has an alarm clock. He is serious.	Alarm clock is serious.
contradiction	William has a tissue. He is unbalanced.	Tissue is unbalanced.
contradiction	Kim has a dictionary. She is drunk.	Dictionary is drunk.
contradiction	Katie has a glass. She is normal.	Glass is normal.
contradiction	Deborah has a photo. She is frank.	Photo is frank.
contradiction	Patrick has a purse. He is industrious.	Purse is industrious.
contradiction	Kim has an alarm clock. She is subtle.	Alarm clock is subtle.
contradiction	Wendy has an identity card. She is sassy.	Identity card is sassy.
contradiction	Dan has a bottle. He is reclusive.	Bottle is reclusive.
contradiction	Annie has a credit card. She is depressed.	Credit card is depressed.
contradiction	Eric has an identity card. He is lean.	Identity card is lean.
contradiction	Paul has a cigarette. He is exacting.	Cigarette is exacting.
contradiction	Jean has a credit card. She is evasive.	Credit card is evasive.
contradiction	John has a headphone. He is grouchy.	Headphone is grouchy.
contradiction	Jeff has a bottle. He is positive.	Bottle is positive.
contradiction	Ryan has a player. He is crass.	Player is crass.
contradiction	Leslie has a headphone. She is soulless.	Headphone is soulless.
contradiction	Kathryn has a postcard. She is naive.	Postcard is naive.
contradiction	Elaine has a case. She is impressionable.	Case is impressionable.
contradiction	Jim has a battery. He is uncooperative.	Battery is uncooperative.
contradiction	Christopher has a notebook. He is deep.	Notebook is deep.
contradiction	Florence has a car. She is warmhearted.	Car is warmhearted.
contradiction	Christopher has a credit card. He is keen.	Credit card is keen.
contradiction	Janet has a car. She is mature.	Car is mature.
contradiction	Susan has a case. She is emotional.	Case is emotional.
contradiction	Henry has a cigarette. He is illogical.	Cigarette is illogical.
contradiction	Edith has a photo. She is amazing.	Photo is amazing.
contradiction	Leslie has a mobile phone. She is sweet.	Mobile phone is sweet.
contradiction	Nicole has a cigarette. She is capable.	Cigarette is capable.
contradiction	Virginia has a notebook. She is lithe.	Notebook is lithe.
contradiction	Sam has a clip. He is inconsistent.	Clip is inconsistent.
contradiction	Jim has an alarm clock. He is sassy.	Alarm clock is sassy.
contradiction	Bob has a lipstick. He is sweet.	Lipstick is sweet.
contradiction	Richard has a comb. He is persnickety.	Comb is persnickety.
contradiction	Melissa has a player. She is paternalistic.	Player is paternalistic.
contradiction	Alexander has a photo. He is devoted.	Photo is devoted.
contradiction	Kim has a laptop. She is tactful.	Laptop is tactful.
contradiction	Ben has a magazine. He is dowdy.	Magazine is dowdy.
contradiction	Ian has a purse. He is diligent.	Purse is diligent.
contradiction	Patricia has a cigarette. She is cowardly.	Cigarette is cowardly.
contradiction	Andrew has a stamp. He is suspicious.	Stamp is suspicious.
contradiction	Mary has an alarm clock. She is obliging.	Alarm clock is obliging.
contradiction	Lynn has a purse. She is tolerant.	Purse is tolerant.
contradiction	Robin has a bottle. She is good.	Bottle is good.
contradiction	Jessica has a case. She is negative.	Case is negative.
contradiction	Anthony has a brush. He is callous.	Brush is callous.
contradiction	Barbara has a diary. She is reclusive.	Diary is reclusive.
contradiction	Frank has a light bulb. He is analytical.	Light bulb is analytical.
contradiction	Jane has a toothbrush. She is pleasant.	Toothbrush is pleasant.
contradiction	Benjamin has a credit card. He is pretty.	Credit card is pretty.
contradiction	Deborah has a tissue. She is sedate.	Tissue is sedate.
contradiction	Cynthia has a toothbrush. She is kind.	Toothbrush is kind.
contradiction	Kate has a photo. She is unwilling.	Photo is unwilling.
contradiction	Martin has a comb. He is irritable.	Comb is irritable.
contradiction	Suzanne has a laptop. She is even-tempered.	Laptop is even-tempered.
contradiction	Kelly has a scissor. She is illogical.	Scissor is illogical.
contradiction	Judith has a laptop. She is helpful.	Laptop is helpful.
contradiction	Ann has an alarm clock. She is respectful.	Alarm clock is respectful.
contradiction	Greg has an umbrella. He is interesting.	Umbrella is interesting.
contradiction	Albert has a player. He is quick-tempered.	Player is quick-tempered.
contradiction	Edwin has a diary. He is moronic.	Diary is moronic.
contradiction	Fred has a pen. He is undependable.	Pen is undependable.
contradiction	Ben has a lipstick. He is suspicious.	Lipstick is suspicious.
contradiction	Dan has a coin. He is cordial.	Coin is cordial.
contradiction	Kate has a stamp. She is agile.	Stamp is agile.
contradiction	Diana has a cigarette. She is miserable.	Cigarette is miserable.
contradiction	Dorothy has a diary. She is agreeable.	Diary is agreeable.
contradiction	Dorothy has a notebook. She is peaceful.	Notebook is peaceful.
contradiction	Bill has a toothbrush. He is snazzy.	Toothbrush is snazzy.
contradiction	Marilyn has a glass. She is fabulous.	Glass is fabulous.
contradiction	Rachel has a battery. She is impressive.	Battery is impressive.
contradiction	Henry has a player. He is warmhearted.	Player is warmhearted.
contradiction	Jane has a comb. She is childlike.	Comb is childlike.
contradiction	Henry has a clip. He is funny.	Clip is funny.
contradiction	Jane has a glass. She is fussy.	Glass is fussy.
contradiction	Steven has a case. He is steady.	Case is steady.
contradiction	Henry has a battery. He is ambitious.	Battery is ambitious.
contradiction	Kate has a camera. She is conceited.	Camera is conceited.
contradiction	Sandra has a photo. She is shrewd.	Photo is shrewd.
contradiction	Bob has a diary. He is great.	Diary is great.
contradiction	Suzanne has a battery. She is distant.	Battery is distant.
contradiction	Billy has a car. He is mild.	Car is mild.
contradiction	Lauren has a purse. She is inspiring.	Purse is inspiring.
contradiction	Larry has a car. He is indolent.	Car is indolent.
contradiction	Michelle has a glass. She is ridiculous.	Glass is ridiculous.
contradiction	Kenneth has a comb. He is cool-headed.	Comb is cool-headed.
contradiction	Ann has a comb. She is shy.	Comb is shy.
contradiction	Steven has an umbrella. He is spirited.	Umbrella is spirited.
contradiction	Stephen has a pen. He is churlish.	Pen is churlish.
contradiction	Robert has a scissor. He is suspicious.	Scissor is suspicious.
contradiction	Matt has a scissor. He is proficient.	Scissor is proficient.
contradiction	Tim has a pen. He is brave.	Pen is brave.
contradiction	Charlotte has a tissue. She is popular.	Tissue is popular.
contradiction	Charles has a bottle. He is sassy.	Bottle is sassy.
contradiction	Tom has a mobile phone. He is sleepy.	Mobile phone is sleepy.
contradiction	Catherine has a car. She is lovable.	Car is lovable.
contradiction	Sally has a headphone. She is sensitive.	Headphone is sensitive.
contradiction	Mike has a camera. He is warm.	Camera is warm.
contradiction	Linda has a lipstick. She is volcanic.	Lipstick is volcanic.
contradiction	Jay has a mirror. He is capable.	Mirror is capable.
contradiction	Ashley has a pencil. She is staid.	Pencil is staid.
contradiction	Johnny has a photo. He is sophisticated.	Photo is sophisticated.
contradiction	Annie has a case. She is moronic.	Case is moronic.
contradiction	Leslie has a file. She is proficient.	File is proficient.
contradiction	Donald has a pencil. He is moronic.	Pencil is moronic.
contradiction	Jim has a mirror. He is alert.	Mirror is alert.
contradiction	Dan has a banknote. He is watchful.	Banknote is watchful.
contradiction	Laura has an alarm clock. She is delightful.	Alarm clock is delightful.
contradiction	Sarah has a camera. She is callous.	Camera is callous.
contradiction	Brian has a newspaper. He is ardent.	Newspaper is ardent.
contradiction	Susan has a credit card. She is noisy.	Credit card is noisy.
contradiction	Matthew has a cigarette. He is crabby.	Cigarette is crabby.
contradiction	Alexander has an umbrella. He is powerful.	Umbrella is powerful.
contradiction	Jane has a stamp. She is tactless.	Stamp is tactless.
contradiction	Chris has a file. He is sour.	File is sour.
contradiction	Roger has a file. He is ardent.	File is ardent.
contradiction	Al has a photo. He is positive.	Photo is positive.
contradiction	Frank has a pencil. He is awesome.	Pencil is awesome.
contradiction	Jill has a purse. She is jocular.	Purse is jocular.
contradiction	James has a coin. He is cruel.	Coin is cruel.
contradiction	Victoria has an alarm clock. She is coherent.	Alarm clock is coherent.
contradiction	Leslie has a battery. She is hearty.	Battery is hearty.
contradiction	Philip has a battery. He is helpful.	Battery is helpful.
contradiction	Marilyn has a headphone. She is even-tempered.	Headphone is even-tempered.
contradiction	Kathryn has a battery. She is blunt.	Battery is blunt.
contradiction	Patricia has a case. She is unbalanced.	Case is unbalanced.
contradiction	Alexandra has a match. She is lame.	Match is lame.
contradiction	Mike has an identity card. He is venal.	Identity card is venal.
contradiction	Donald has a lighter. He is sincere.	Lighter is sincere.
contradiction	Ray has a scissor. He is depressed.	Scissor is depressed.
contradiction	Alison has a stamp. She is resentful.	Stamp is resentful.
contradiction	Ralph has a diary. He is mean.	Diary is mean.
contradiction	Sarah has a photo. She is irascible.	Photo is irascible.
contradiction	Martha has a dictionary. She is unpleasant.	Dictionary is unpleasant.
contradiction	Sue has a toothbrush. She is slight.	Toothbrush is slight.
contradiction	Marie has a lipstick. She is sturdy.	Lipstick is sturdy.
contradiction	Marie has a laptop. She is hearty.	Laptop is hearty.
contradiction	Walter has a lighter. He is unsure.	Lighter is unsure.
contradiction	Jonathan has a photo. He is soulless.	Photo is soulless.
contradiction	Joe has an alarm clock. He is vigilant.	Alarm clock is vigilant.
contradiction	Deborah has a toothbrush. She is fiery.	Toothbrush is fiery.
contradiction	Lucy has an umbrella. She is vigilant.	Umbrella is vigilant.
contradiction	Francis has a rubber. He is assertive.	Rubber is assertive.
contradiction	Sara has a tissue. She is mature.	Tissue is mature.
contradiction	Wendy has a toothbrush. She is thinking.	Toothbrush is thinking.
contradiction	Betty has a comb. She is crabby.	Comb is crabby.
contradiction	Judith has a toothbrush. She is natural.	Toothbrush is natural.
contradiction	Walter has a rubber. He is talented.	Rubber is talented.
contradiction	Claire has a player. She is affectionate.	Player is affectionate.
contradiction	Bob has a glass. He is slow.	Glass is slow.
contradiction	Hugh has an identity card. He is watchful.	Identity card is watchful.
contradiction	Kenneth has a purse. He is unsophisticated.	Purse is unsophisticated.
contradiction	Lynn has a scissor. She is buff.	Scissor is buff.
contradiction	Keith has a case. He is normal.	Case is normal.
contradiction	Laura has a postcard. She is unpleasant.	Postcard is unpleasant.
contradiction	Roy has a brush. He is beautiful.	Brush is beautiful.
contradiction	Sam has a bottle. He is responsible.	Bottle is responsible.
contradiction	Hugh has a postcard. He is short-tempered.	Postcard is short-tempered.
contradiction	Kathy has a coin. She is musical.	Coin is musical.
contradiction	Annie has a coin. She is stable.	Coin is stable.
contradiction	Adam has a toothbrush. He is childlike.	Toothbrush is childlike.
contradiction	Alexander has a scissor. He is blue.	Scissor is blue.
contradiction	Jane has a battery. She is lithe.	Battery is lithe.
contradiction	Lynn has a toothbrush. She is impractical.	Toothbrush is impractical.
contradiction	Sandra has a banknote. She is independent.	Banknote is independent.
contradiction	Alfred has a dictionary. He is amusing.	Dictionary is amusing.
contradiction	Anna has a battery. She is ambitious.	Battery is ambitious.
contradiction	Suzanne has a photo. She is passionate.	Photo is passionate.
contradiction	Jim has a camera. He is energetic.	Camera is energetic.
contradiction	Joe has a postcard. He is revered.	Postcard is revered.
contradiction	Janet has a watch. She is buff.	Watch is buff.
contradiction	Leslie has an alarm clock. She is versatile.	Alarm clock is versatile.
contradiction	Alan has a car. He is logical.	Car is logical.
contradiction	Amy has an umbrella. She is delicate.	Umbrella is delicate.
contradiction	Alan has a photo. He is thinking.	Photo is thinking.
contradiction	Mike has a wallet. He is paternal.	Wallet is paternal.
contradiction	Chris has a file. He is great.	File is great.
contradiction	Martin has a pencil. He is silly.	Pencil is silly.
contradiction	Martin has a file. He is fastidious.	File is fastidious.
contradiction	Sharon has a headphone. She is clever.	Headphone is clever.
contradiction	Edwin has a cigarette. He is blunt.	Cigarette is blunt.
contradiction	Patricia has an alarm clock. She is cowardly.	Alarm clock is cowardly.
contradiction	Ryan has a clip. He is assertive.	Clip is assertive.
contradiction	Jill has a photo. She is direct.	Photo is direct.
contradiction	Ron has a laptop. He is sentimental.	Laptop is sentimental.
contradiction	Jason has a lipstick. He is plain.	Lipstick is plain.
contradiction	Ian has a scissor. He is inventive.	Scissor is inventive.
contradiction	Catherine has a laptop. She is pretty.	Laptop is pretty.
contradiction	Frank has a wallet. He is sturdy.	Wallet is sturdy.
contradiction	Simon has a stamp. He is snazzy.	Stamp is snazzy.
contradiction	Robin has a headphone. She is lithe.	Headphone is lithe.
contradiction	Stephen has a battery. He is blunt.	Battery is blunt.
contradiction	Suzanne has a laptop. She is unthinking.	Laptop is unthinking.
contradiction	Joseph has a notebook. He is nasty.	Notebook is nasty.
contradiction	Kathleen has an identity card. She is sad.	Identity card is sad.
contradiction	Johnny has a glass. He is slovenly.	Glass is slovenly.
contradiction	Suzanne has a diary. She is irascible.	Diary is irascible.
contradiction	Kim has a tissue. She is indiscreet.	Tissue is indiscreet.
contradiction	Anna has a battery. She is flabby.	Battery is flabby.
contradiction	Edward has a brush. He is kind.	Brush is kind.
contradiction	Donna has a car. She is ferocious.	Car is ferocious.
contradiction	Charlie has an umbrella. He is deferential.	Umbrella is deferential.
contradiction	William has a coin. He is artistic.	Coin is artistic.
contradiction	Billy has a lipstick. He is ostentatious.	Lipstick is ostentatious.
contradiction	Ashley has a magazine. She is quick.	Magazine is quick.
contradiction	Charles has a player. He is ferocious.	Player is ferocious.
contradiction	Deborah has a laptop. She is unsure.	Laptop is unsure.
contradiction	Lawrence has a credit card. He is drowsy.	Credit card is drowsy.
contradiction	Maria has a lipstick. She is local.	Lipstick is local.
contradiction	Jane has a tissue. She is quarrelsome.	Tissue is quarrelsome.
contradiction	Pamela has a banknote. She is attentive.	Banknote is attentive.
contradiction	Alfred has a brush. He is inconsiderate.	Brush is inconsiderate.
contradiction	Jessica has a magazine. She is dramatic.	Magazine is dramatic.
contradiction	Sharon has a lipstick. She is slow.	Lipstick is slow.
contradiction	Tim has a postcard. He is persevering.	Postcard is persevering.
contradiction	Ray has a cigarette. He is plain.	Cigarette is plain.
contradiction	Ian has a coin. He is blunt.	Coin is blunt.
contradiction	Martin has a brush. He is short-tempered.	Brush is short-tempered.
contradiction	Katherine has a magazine. She is gentle.	Magazine is gentle.
contradiction	Don has a battery. He is blunt.	Battery is blunt.
contradiction	Wendy has a pencil. She is negative.	Pencil is negative.
contradiction	Elaine has a case. She is incompetent.	Case is incompetent.
contradiction	Janet has a pencil. She is sensible.	Pencil is sensible.
contradiction	Fred has a rubber. He is soulless.	Rubber is soulless.
contradiction	Ruth has a lighter. She is nasty.	Lighter is nasty.
contradiction	Dick has a laptop. He is below average.	Laptop is below average.
contradiction	Nancy has a button. She is conceited.	Button is conceited.
contradiction	Adam has a match. He is imperturbable.	Match is imperturbable.
contradiction	Katherine has a dictionary. She is even-tempered.	Dictionary is even-tempered.
contradiction	Johnny has a cigarette. He is serene.	Cigarette is serene.
contradiction	Tony has a pen. He is fabulous.	Pen is fabulous.
contradiction	Dorothy has a lipstick. She is shrewd.	Lipstick is shrewd.
contradiction	Sharon has a diary. She is composed.	Diary is composed.
contradiction	Heather has a coin. She is level-headed.	Coin is level-headed.
contradiction	Dan has a file. He is good.	File is good.
contradiction	Lauren has a pen. She is discerning.	Pen is discerning.
contradiction	Harold has a laptop. He is cooperative.	Laptop is cooperative.
contradiction	Bobby has a light bulb. He is soulful.	Light bulb is soulful.
contradiction	Keith has a lipstick. He is naive.	Lipstick is naive.
contradiction	Frederick has a mobile phone. He is orderly.	Mobile phone is orderly.
contradiction	Frederick has a rubber. He is persevering.	Rubber is persevering.
contradiction	Edward has a glass. He is lovable.	Glass is lovable.
contradiction	Sam has a glass. He is brave.	Glass is brave.
contradiction	Jimmy has a file. He is distrustful.	File is distrustful.
contradiction	Jane has a diary. She is pensive.	Diary is pensive.
contradiction	Sharon has a bottle. She is delicate.	Bottle is delicate.
contradiction	Harry has a postcard. He is provocative.	Postcard is provocative.
contradiction	Alan has a tissue. He is curious.	Tissue is curious.
contradiction	Deborah has a player. She is confused.	Player is confused.
contradiction	Diane has a photo. She is responsible.	Photo is responsible.
contradiction	Harry has a coin. He is hot-headed.	Coin is hot-headed.
contradiction	Nick has a notebook. He is insensitive.	Notebook is insensitive.
contradiction	Linda has a pencil. She is deft.	Pencil is deft.
contradiction	Virginia has a lighter. She is disagreeable.	Lighter is disagreeable.
contradiction	Louis has a credit card. He is clumsy.	Credit card is clumsy.
contradiction	Joseph has a scissor. He is sophisticated.	Scissor is sophisticated.
contradiction	Paul has a postcard. He is agreeable.	Postcard is agreeable.
contradiction	Katie has a lipstick. She is snazzy.	Lipstick is snazzy.
contradiction	Leslie has a newspaper. She is ridiculous.	Newspaper is ridiculous.
contradiction	Suzanne has a case. She is funny.	Case is funny.
contradiction	Andrea has a car. She is methodical.	Car is methodical.
contradiction	Alexandra has a credit card. She is slothful.	Credit card is slothful.
contradiction	Kim has a lighter. She is subtle.	Lighter is subtle.
contradiction	Brian has a laptop. He is distrustful.	Laptop is distrustful.
contradiction	Andrew has a comb. He is civil.	Comb is civil.
contradiction	Kim has a comb. She is orderly.	Comb is orderly.
contradiction	Frederick has a stamp. He is drugged.	Stamp is drugged.
contradiction	Harriet has a comb. She is unguarded.	Comb is unguarded.
contradiction	Emma has a brush. She is cheerful.	Brush is cheerful.
contradiction	Robin has a glass. She is striking.	Glass is striking.
contradiction	Alex has a pencil. He is revered.	Pencil is revered.
contradiction	Emily has a match. She is pensive.	Match is pensive.
contradiction	Jane has a rubber. She is passionate.	Rubber is passionate.
contradiction	Kathy has a pencil. She is experienced.	Pencil is experienced.
contradiction	Sharon has a lipstick. She is revered.	Lipstick is revered.
contradiction	Kevin has a banknote. He is joyous.	Banknote is joyous.
contradiction	Harry has a rubber. He is interesting.	Rubber is interesting.
contradiction	Donald has a pencil. He is flaky.	Pencil is flaky.
contradiction	Jean has a lighter. She is sassy.	Lighter is sassy.
contradiction	Alfred has a player. He is well-intentioned.	Player is well-intentioned.
contradiction	Melissa has a scissor. She is thoughtless.	Scissor is thoughtless.
contradiction	Donald has a bottle. He is idle.	Bottle is idle.
contradiction	Suzanne has a lighter. She is illogical.	Lighter is illogical.
contradiction	Elaine has a postcard. She is cooperative.	Postcard is cooperative.
contradiction	Ken has a headphone. He is keen.	Headphone is keen.
contradiction	Angela has a match. She is amusing.	Match is amusing.
contradiction	Anna has a match. She is flaky.	Match is flaky.
contradiction	Billy has a laptop. He is powerful.	Laptop is powerful.
contradiction	Harold has a lipstick. He is idle.	Lipstick is idle.
contradiction	Eric has a notebook. He is demure.	Notebook is demure.
contradiction	Donna has a tissue. She is versatile.	Tissue is versatile.
contradiction	Diana has a scissor. She is long-winded.	Scissor is long-winded.
contradiction	Florence has a pencil. She is undependable.	Pencil is undependable.
contradiction	Stephen has a rubber. He is cruel.	Rubber is cruel.
contradiction	Marie has a case. She is dependent.	Case is dependent.
contradiction	Ann has a player. She is impulsive.	Player is impulsive.
contradiction	Steven has a comb. He is hysterical.	Comb is hysterical.
contradiction	Marie has a photo. She is irascible.	Photo is irascible.
contradiction	Jessica has a bottle. She is able.	Bottle is able.
contradiction	William has a photo. He is nosy.	Photo is nosy.
contradiction	Jerry has a dictionary. He is cowardly.	Dictionary is cowardly.
contradiction	Steve has a camera. He is sensible.	Camera is sensible.
contradiction	Simon has a camera. He is amiable.	Camera is amiable.
contradiction	Carol has a car. She is affectionate.	Car is affectionate.
contradiction	Julia has a pencil. She is naive.	Pencil is naive.
contradiction	Mike has a headphone. He is morose.	Headphone is morose.
contradiction	Florence has a brush. She is surly.	Brush is surly.
contradiction	Leslie has a cigarette. She is delicate.	Cigarette is delicate.
contradiction	Ryan has a diary. He is earnest.	Diary is earnest.
contradiction	Patricia has a case. She is awesome.	Case is awesome.
contradiction	Matt has a button. He is unpleasant.	Button is unpleasant.
contradiction	Simon has a pen. He is slow.	Pen is slow.
contradiction	Amanda has an umbrella. She is peevish.	Umbrella is peevish.
contradiction	Frederick has an alarm clock. He is below average.	Alarm clock is below average.
contradiction	Albert has a mobile phone. He is unwilling.	Mobile phone is unwilling.
contradiction	Ashley has a notebook. She is maternal.	Notebook is maternal.
contradiction	Robin has a stamp. She is joyous.	Stamp is joyous.
contradiction	Dorothy has a light bulb. She is surly.	Light bulb is surly.
contradiction	Arthur has a pencil. He is sensible.	Pencil is sensible.
contradiction	Chris has a mirror. He is vigilant.	Mirror is vigilant.
contradiction	Jerry has a mobile phone. He is even-tempered.	Mobile phone is even-tempered.
contradiction	Billy has a scissor. He is watchful.	Scissor is watchful.
contradiction	Alan has a newspaper. He is ugly.	Newspaper is ugly.
contradiction	Angela has a case. She is uncertain.	Case is uncertain.
contradiction	Sam has a wallet. He is clever.	Wallet is clever.
contradiction	Caroline has a comb. She is childlike.	Comb is childlike.
contradiction	Gary has a postcard. He is reserved.	Postcard is reserved.
contradiction	Amanda has a brush. She is resourceful.	Brush is resourceful.
contradiction	Jessica has a stamp. She is provocative.	Stamp is provocative.
contradiction	Julia has a scissor. She is hateful.	Scissor is hateful.
contradiction	Johnny has a toothbrush. He is irascible.	Toothbrush is irascible.
contradiction	Pamela has a pencil. She is unhelpful.	Pencil is unhelpful.
contradiction	Harry has a lipstick. He is illogical.	Lipstick is illogical.
contradiction	Joan has an alarm clock. She is civil.	Alarm clock is civil.
contradiction	Anthony has an alarm clock. He is independent.	Alarm clock is independent.
contradiction	Don has a diary. He is modest.	Diary is modest.
contradiction	Betty has a watch. She is lithe.	Watch is lithe.
contradiction	Alice has a watch. She is condescending.	Watch is condescending.
contradiction	Tom has a camera. He is musical.	Camera is musical.
contradiction	Emma has a credit card. She is adventurous.	Credit card is adventurous.
contradiction	Kenneth has a bottle. He is punctual.	Bottle is punctual.
contradiction	John has a car. He is dirty.	Car is dirty.
contradiction	Louise has a pencil. She is beneficent.	Pencil is beneficent.
contradiction	Diane has an identity card. She is sincere.	Identity card is sincere.
contradiction	Ron has an alarm clock. He is zealous.	Alarm clock is zealous.
contradiction	Scott has a newspaper. He is delightful.	Newspaper is delightful.
contradiction	Nick has a laptop. He is crabby.	Laptop is crabby.
contradiction	Emily has a dictionary. She is soulful.	Dictionary is soulful.
contradiction	Wendy has a diary. She is serene.	Diary is serene.
contradiction	Betty has a photo. She is hysterical.	Photo is hysterical.
contradiction	Ruth has a newspaper. She is leery.	Newspaper is leery.
contradiction	Lucy has a camera. She is respected.	Camera is respected.
contradiction	Patrick has a mobile phone. He is spirited.	Mobile phone is spirited.
contradiction	Maria has a player. She is energetic.	Player is energetic.
contradiction	Ron has a player. He is steady.	Player is steady.
contradiction	Greg has a dictionary. He is inexperienced.	Dictionary is inexperienced.
contradiction	Philip has a scissor. He is direct.	Scissor is direct.
contradiction	Howard has a scissor. He is keen.	Scissor is keen.
contradiction	Andrew has a battery. He is cold.	Battery is cold.
contradiction	Sam has an alarm clock. He is demure.	Alarm clock is demure.
contradiction	Steven has a notebook. He is supercilious.	Notebook is supercilious.
contradiction	Karen has an alarm clock. She is dull.	Alarm clock is dull.
contradiction	Christopher has a laptop. He is unreliable.	Laptop is unreliable.
contradiction	John has a headphone. He is passive.	Headphone is passive.
contradiction	James has a postcard. He is unpleasant.	Postcard is unpleasant.
contradiction	Elizabeth has a button. She is imaginative.	Button is imaginative.
contradiction	Kevin has a stamp. He is negative.	Stamp is negative.
contradiction	Mark has a light bulb. He is decisive.	Light bulb is decisive.
contradiction	Victoria has a player. She is playful.	Player is playful.
contradiction	Marilyn has a player. She is shy.	Player is shy.
contradiction	Ray has a dictionary. He is revered.	Dictionary is revered.
contradiction	Diane has a case. She is sincere.	Case is sincere.
contradiction	Betty has a purse. She is flashy.	Purse is flashy.
contradiction	Thomas has a notebook. He is mature.	Notebook is mature.
contradiction	Stephanie has a dictionary. She is cynical.	Dictionary is cynical.
contradiction	Deborah has a battery. She is prudent.	Battery is prudent.
contradiction	Dorothy has a diary. She is stern.	Diary is stern.
contradiction	Nancy has a headphone. She is affectionate.	Headphone is affectionate.
contradiction	Caroline has a bottle. She is flashy.	Bottle is flashy.
contradiction	Wendy has a diary. She is selfish.	Diary is selfish.
contradiction	Anne has a bottle. She is impetuous.	Bottle is impetuous.
contradiction	Sharon has a glass. She is touchy.	Glass is touchy.
contradiction	Tim has a comb. He is maternal.	Comb is maternal.
contradiction	Melissa has a wallet. She is industrious.	Wallet is industrious.
contradiction	Patrick has a credit card. He is immature.	Credit card is immature.
contradiction	Stephanie has a coin. She is deep.	Coin is deep.
contradiction	Cynthia has a button. She is average.	Button is average.
contradiction	Tom has a rubber. He is quick-tempered.	Rubber is quick-tempered.
contradiction	Annie has a diary. She is slight.	Diary is slight.
contradiction	Jane has a watch. She is slow.	Watch is slow.
contradiction	Martha has a mobile phone. She is eager.	Mobile phone is eager.
contradiction	Judy has a postcard. She is keen.	Postcard is keen.
contradiction	Jennifer has a stamp. She is incompetent.	Stamp is incompetent.
contradiction	Joan has a comb. She is beneficent.	Comb is beneficent.
contradiction	Henry has a lighter. He is diligent.	Lighter is diligent.
contradiction	Alexandra has a bottle. She is hysterical.	Bottle is hysterical.
contradiction	Claire has a headphone. She is excellent.	Headphone is excellent.
contradiction	Sharon has a case. She is mean.	Case is mean.
contradiction	Betty has an identity card. She is willing.	Identity card is willing.
contradiction	Diana has a postcard. She is capable.	Postcard is capable.
contradiction	Chris has a match. He is delightful.	Match is delightful.
contradiction	Simon has a mobile phone. He is sweet.	Mobile phone is sweet.
contradiction	Jack has a credit card. He is impractical.	Credit card is impractical.
contradiction	Judith has a brush. She is outgoing.	Brush is outgoing.
contradiction	Ron has a diary. He is assertive.	Diary is assertive.
contradiction	Jennifer has a light bulb. She is ridiculous.	Light bulb is ridiculous.
contradiction	Edwin has a lipstick. He is competent.	Lipstick is competent.
contradiction	Jimmy has a coin. He is diligent.	Coin is diligent.
contradiction	Charlotte has a brush. She is clever.	Brush is clever.
contradiction	Angela has an identity card. She is ardent.	Identity card is ardent.
contradiction	Jason has a bottle. He is supercilious.	Bottle is supercilious.
contradiction	Lynn has a battery. She is enterprising.	Battery is enterprising.
contradiction	Anne has a purse. She is delightful.	Purse is delightful.
contradiction	Susan has a case. She is short-tempered.	Case is short-tempered.
contradiction	Ron has a stamp. He is imperturbable.	Stamp is imperturbable.
contradiction	Dave has a clip. He is unsure.	Clip is unsure.
contradiction	Julie has a cigarette. She is blunt.	Cigarette is blunt.
contradiction	Ben has a banknote. He is imperturbable.	Banknote is imperturbable.
contradiction	Edward has a toothbrush. He is egotistical.	Toothbrush is egotistical.
contradiction	Laura has a case. She is willing.	Case is willing.
contradiction	Henry has a banknote. He is above average.	Banknote is above average.
contradiction	Lauren has a postcard. She is leery.	Postcard is leery.
contradiction	Jerry has a diary. He is sour.	Diary is sour.
contradiction	Ron has a mirror. He is gluttonous.	Mirror is gluttonous.
contradiction	Alexander has a tissue. He is supercilious.	Tissue is supercilious.
contradiction	Anthony has a dictionary. He is cheerful.	Dictionary is cheerful.
contradiction	Sandra has a headphone. She is idle.	Headphone is idle.
contradiction	Billy has a wallet. He is ardent.	Wallet is ardent.
contradiction	Jeff has a watch. He is passive.	Watch is passive.
contradiction	Stephanie has a cigarette. She is fabulous.	Cigarette is fabulous.
contradiction	Mary has an identity card. She is flashy.	Identity card is flashy.
contradiction	Michelle has a coin. She is callous.	Coin is callous.
contradiction	Christine has a banknote. She is emotional.	Banknote is emotional.
contradiction	Simon has a cigarette. He is sullen.	Cigarette is sullen.
contradiction	Jessica has a laptop. She is versatile.	Laptop is versatile.
contradiction	Mike has a match. He is lean.	Match is lean.
contradiction	Roy has a notebook. He is hearty.	Notebook is hearty.
contradiction	Marie has a scissor. She is reassuring.	Scissor is reassuring.
contradiction	Don has a stamp. He is responsible.	Stamp is responsible.
contradiction	Martha has a credit card. She is lean.	Credit card is lean.
contradiction	Martha has a banknote. She is quiet.	Banknote is quiet.
contradiction	Dorothy has a clip. She is alert.	Clip is alert.
contradiction	Harold has a rubber. He is thinking.	Rubber is thinking.
contradiction	Suzanne has a mobile phone. She is positive.	Mobile phone is positive.
contradiction	Kathleen has a button. She is responsible.	Button is responsible.
contradiction	Julie has a battery. She is strong.	Battery is strong.
contradiction	Harold has an identity card. He is reserved.	Identity card is reserved.
contradiction	Laura has a pencil. She is ugly.	Pencil is ugly.
contradiction	Louise has a rubber. She is absent-minded.	Rubber is absent-minded.
contradiction	Alison has a notebook. She is judgmental.	Notebook is judgmental.
contradiction	Albert has an umbrella. He is sleepy.	Umbrella is sleepy.
contradiction	Andrew has a camera. He is versatile.	Camera is versatile.
contradiction	Carl has a tissue. He is restless.	Tissue is restless.
contradiction	Anthony has a camera. He is impractical.	Camera is impractical.
contradiction	Don has a glass. He is serene.	Glass is serene.
contradiction	Diane has a photo. She is affectionate.	Photo is affectionate.
contradiction	Cynthia has a laptop. She is capable.	Laptop is capable.
contradiction	Benjamin has a file. He is chic.	File is chic.
contradiction	Richard has a cigarette. He is kind.	Cigarette is kind.
contradiction	Harry has a headphone. He is negative.	Headphone is negative.
contradiction	Carolyn has a light bulb. She is drugged.	Light bulb is drugged.
contradiction	Dorothy has a player. She is impressive.	Player is impressive.
contradiction	Colin has an umbrella. He is eager.	Umbrella is eager.
contradiction	Sophie has a button. She is self-assured.	Button is self-assured.
contradiction	Cynthia has a purse. She is keen.	Purse is keen.
contradiction	Heather has an alarm clock. She is strong.	Alarm clock is strong.
contradiction	Pamela has a credit card. She is circumspect.	Credit card is circumspect.
contradiction	Al has a pen. He is boisterous.	Pen is boisterous.
contradiction	Claire has a player. She is unaffected.	Player is unaffected.
contradiction	Bob has a battery. He is condescending.	Battery is condescending.
contradiction	Christine has a bottle. She is unmotivated.	Bottle is unmotivated.
contradiction	Sandra has a brush. She is guarded.	Brush is guarded.
contradiction	Amanda has a brush. She is judgmental.	Brush is judgmental.
contradiction	Sharon has a headphone. She is lean.	Headphone is lean.
contradiction	Francis has a comb. He is circumspect.	Comb is circumspect.
contradiction	Deborah has a banknote. She is frank.	Banknote is frank.
contradiction	Carl has a lipstick. He is careful.	Lipstick is careful.
contradiction	Margaret has a photo. She is courageous.	Photo is courageous.
contradiction	Frances has a credit card. She is stoic.	Credit card is stoic.
contradiction	Roy has a clip. He is childish.	Clip is childish.
contradiction	Virginia has a banknote. She is balanced.	Banknote is balanced.
contradiction	Andrew has a toothbrush. He is stern.	Toothbrush is stern.
contradiction	Steven has a headphone. He is amiable.	Headphone is amiable.
contradiction	Philip has a file. He is thinking.	File is thinking.
contradiction	John has a scissor. He is unsure.	Scissor is unsure.
contradiction	Nancy has a brush. She is listless.	Brush is listless.
contradiction	Kathy has a comb. She is timid.	Comb is timid.
contradiction	Henry has a battery. He is competent.	Battery is competent.
contradiction	Billy has a newspaper. He is zealous.	Newspaper is zealous.
contradiction	Amanda has a car. She is cold.	Car is cold.
contradiction	Joe has a bottle. He is critical.	Bottle is critical.
contradiction	Jerry has an alarm clock. He is respectful.	Alarm clock is respectful.
contradiction	Simon has a camera. He is outspoken.	Camera is outspoken.
contradiction	Alison has a case. She is well-behaved.	Case is well-behaved.
contradiction	Albert has a scissor. He is apprehensive.	Scissor is apprehensive.
contradiction	Andrea has a wallet. She is nasty.	Wallet is nasty.
contradiction	Carolyn has a lighter. She is mature.	Lighter is mature.
contradiction	Alexandra has a button. She is nosy.	Button is nosy.
contradiction	Samuel has a newspaper. He is supercilious.	Newspaper is supercilious.
contradiction	Sarah has a newspaper. She is local.	Newspaper is local.
contradiction	Albert has a comb. He is querulous.	Comb is querulous.
contradiction	Al has a purse. He is reserved.	Purse is reserved.
contradiction	Heather has an alarm clock. She is confident.	Alarm clock is confident.
contradiction	Emma has a lighter. She is powerful.	Lighter is powerful.
contradiction	Bruce has a lipstick. He is tired.	Lipstick is tired.
contradiction	William has a coin. He is somber.	Coin is somber.
contradiction	Richard has a pencil. He is chic.	Pencil is chic.
contradiction	Simon has a battery. He is respected.	Battery is respected.
contradiction	Scott has an identity card. He is drowsy.	Identity card is drowsy.
contradiction	Joseph has a dictionary. He is lovely.	Dictionary is lovely.
contradiction	Eric has a bottle. He is peevish.	Bottle is peevish.
contradiction	Victoria has a toothbrush. She is numb.	Toothbrush is numb.
contradiction	Bobby has a bottle. He is apathetic.	Bottle is apathetic.
contradiction	Judy has an identity card. She is unpleasant.	Identity card is unpleasant.
contradiction	Donald has a bottle. He is warm.	Bottle is warm.
contradiction	Bobby has a diary. He is love-lorn.	Diary is love-lorn.
contradiction	Stephanie has a purse. She is local.	Purse is local.
contradiction	Gary has a case. He is flashy.	Case is flashy.
contradiction	Frank has a coin. He is unpopular.	Coin is unpopular.
contradiction	Dorothy has a battery. She is hysterical.	Battery is hysterical.
contradiction	Lauren has a notebook. She is passionate.	Notebook is passionate.
contradiction	Jill has a bottle. She is composed.	Bottle is composed.
contradiction	Matt has a rubber. He is flaky.	Rubber is flaky.
contradiction	Elizabeth has a cigarette. She is unemotional.	Cigarette is unemotional.
contradiction	Helen has a watch. She is slothful.	Watch is slothful.
contradiction	Alfred has a pen. He is circumspect.	Pen is circumspect.
contradiction	Sally has a postcard. She is sullen.	Postcard is sullen.
contradiction	Lisa has an umbrella. She is somber.	Umbrella is somber.
contradiction	Judy has a case. She is civil.	Case is civil.
contradiction	Joseph has a wallet. He is resentful.	Wallet is resentful.
contradiction	Billy has a lipstick. He is clean.	Lipstick is clean.
contradiction	Andrea has a player. She is dirty.	Player is dirty.
contradiction	Johnny has an identity card. He is buff.	Identity card is buff.
contradiction	Roy has a match. He is superficial.	Match is superficial.
contradiction	Gary has a comb. He is volcanic.	Comb is volcanic.
contradiction	Walter has a pencil. He is popular.	Pencil is popular.
contradiction	Harry has a magazine. He is prejudiced.	Magazine is prejudiced.
contradiction	Carol has an umbrella. She is awesome.	Umbrella is awesome.
contradiction	Joe has a rubber. He is condescending.	Rubber is condescending.
contradiction	Louise has a watch. She is sneering.	Watch is sneering.
contradiction	Stephanie has a comb. She is great.	Comb is great.
contradiction	Stephen has a dictionary. He is quick.	Dictionary is quick.
contradiction	Fred has a stamp. He is self-assured.	Stamp is self-assured.
contradiction	Louise has a credit card. She is sassy.	Credit card is sassy.
contradiction	Fiona has a purse. She is versatile.	Purse is versatile.
contradiction	Tim has a camera. He is chic.	Camera is chic.
contradiction	Christopher has a laptop. He is flashy.	Laptop is flashy.
contradiction	Patrick has a stamp. He is resentful.	Stamp is resentful.
contradiction	Philip has a battery. He is negative.	Battery is negative.
contradiction	Helen has a clip. She is indefatigable.	Clip is indefatigable.
contradiction	Adam has a brush. He is playful.	Brush is playful.
contradiction	Fred has a headphone. He is stupid.	Headphone is stupid.
contradiction	Christine has a notebook. She is naughty.	Notebook is naughty.
contradiction	Alice has a photo. She is outgoing.	Photo is outgoing.
contradiction	Harriet has a clip. She is sleepy.	Clip is sleepy.
contradiction	Karen has a battery. She is brave.	Battery is brave.
contradiction	Brian has a clip. He is musical.	Clip is musical.
contradiction	Christine has a button. She is irritating.	Button is irritating.
contradiction	Emma has a mobile phone. She is slight.	Mobile phone is slight.
contradiction	Eric has a tissue. He is old-fashioned.	Tissue is old-fashioned.
contradiction	Jim has a magazine. He is obnoxious.	Magazine is obnoxious.
contradiction	Amy has a brush. She is jovial.	Brush is jovial.
contradiction	Tony has a car. He is easy-going.	Car is easy-going.
contradiction	Hugh has a photo. He is dowdy.	Photo is dowdy.
contradiction	Jay has a mobile phone. He is balanced.	Mobile phone is balanced.
contradiction	Joseph has a stamp. He is moronic.	Stamp is moronic.
contradiction	Emily has an umbrella. She is distraught.	Umbrella is distraught.
contradiction	Dave has a light bulb. He is chic.	Light bulb is chic.
contradiction	Nicole has a light bulb. She is outspoken.	Light bulb is outspoken.
contradiction	Alan has an identity card. He is buff.	Identity card is buff.
contradiction	Frederick has a light bulb. He is volcanic.	Light bulb is volcanic.
contradiction	Alexander has a button. He is restless.	Button is restless.
contradiction	Susan has a brush. She is uncertain.	Brush is uncertain.
contradiction	Leslie has a credit card. She is outgoing.	Credit card is outgoing.
contradiction	Kelly has a player. She is proud.	Player is proud.
contradiction	Andrea has a comb. She is modest.	Comb is modest.
contradiction	Keith has a mirror. He is touchy.	Mirror is touchy.
contradiction	Kevin has a button. He is sneering.	Button is sneering.
contradiction	Victoria has a player. She is talented.	Player is talented.
contradiction	Alfred has a case. He is supercilious.	Case is supercilious.
contradiction	Florence has a magazine. She is level-headed.	Magazine is level-headed.
contradiction	Marie has a bottle. She is well-respected.	Bottle is well-respected.
contradiction	Edith has a toothbrush. She is generous.	Toothbrush is generous.
contradiction	Martin has a pen. He is industrious.	Pen is industrious.
contradiction	Stephanie has a diary. She is hysterical.	Diary is hysterical.
contradiction	Fiona has a laptop. She is supercilious.	Laptop is supercilious.
contradiction	Patricia has a newspaper. She is distrustful.	Newspaper is distrustful.
contradiction	Nicole has a pencil. She is generous.	Pencil is generous.
contradiction	Jack has a rubber. He is clumsy.	Rubber is clumsy.
contradiction	Matt has a comb. He is serene.	Comb is serene.
contradiction	Matthew has a comb. He is mild.	Comb is mild.
contradiction	Fiona has a camera. She is frank.	Camera is frank.
contradiction	Alan has a watch. He is unimaginative.	Watch is unimaginative.
contradiction	Janet has a mobile phone. She is drugged.	Mobile phone is drugged.
contradiction	Edward has a headphone. He is realistic.	Headphone is realistic.
contradiction	Angela has a scissor. She is enthusiastic.	Scissor is enthusiastic.
contradiction	Benjamin has a coin. He is spirited.	Coin is spirited.
contradiction	Steven has a coin. He is naive.	Coin is naive.
contradiction	Edward has a clip. He is clumsy.	Clip is clumsy.
contradiction	Kate has a lipstick. She is unsure.	Lipstick is unsure.
contradiction	Margaret has a photo. She is good.	Photo is good.
contradiction	Kate has a glass. She is hysterical.	Glass is hysterical.
contradiction	Florence has a button. She is conceited.	Button is conceited.
contradiction	Joan has a credit card. She is thinking.	Credit card is thinking.
contradiction	Kevin has a camera. He is obliging.	Camera is obliging.
contradiction	Nancy has a car. She is depressed.	Car is depressed.
contradiction	Henry has a camera. He is cowardly.	Camera is cowardly.
contradiction	Florence has a car. She is curious.	Car is curious.
contradiction	Amanda has a mirror. She is soulful.	Mirror is soulful.
contradiction	Hugh has a stamp. He is resigned.	Stamp is resigned.
contradiction	Amy has an alarm clock. She is prejudiced.	Alarm clock is prejudiced.
contradiction	Dan has a car. He is well-intentioned.	Car is well-intentioned.
contradiction	Florence has a camera. She is steady.	Camera is steady.
contradiction	Michael has a pen. He is jocular.	Pen is jocular.
contradiction	Lucy has a mobile phone. She is surly.	Mobile phone is surly.
contradiction	Louise has a case. She is cool-headed.	Case is cool-headed.
contradiction	Dorothy has a mobile phone. She is hearty.	Mobile phone is hearty.
contradiction	James has a case. He is serious.	Case is serious.
contradiction	Sharon has a tissue. She is nervous.	Tissue is nervous.
contradiction	Steve has a button. He is sour.	Button is sour.
contradiction	Jimmy has a player. He is competent.	Player is competent.
contradiction	Jessica has an umbrella. She is quick-tempered.	Umbrella is quick-tempered.
contradiction	Mark has a button. He is decisive.	Button is decisive.
contradiction	Scott has a glass. He is hateful.	Glass is hateful.
contradiction	Sophie has a file. She is sad.	File is sad.
contradiction	Jack has a coin. He is ambitious.	Coin is ambitious.
contradiction	Carolyn has a watch. She is childish.	Watch is childish.
contradiction	Kim has a toothbrush. She is lean.	Toothbrush is lean.
contradiction	Howard has a dictionary. He is sharp.	Dictionary is sharp.
contradiction	Harold has a watch. He is mean.	Watch is mean.
contradiction	Ryan has a headphone. He is amusing.	Headphone is amusing.
contradiction	Bob has a cigarette. He is efficient.	Cigarette is efficient.
contradiction	Ruth has a coin. She is amiable.	Coin is amiable.
contradiction	Helen has a case. She is playful.	Case is playful.
contradiction	Dave has a pen. He is tolerant.	Pen is tolerant.
contradiction	Dan has a light bulb. He is judgmental.	Light bulb is judgmental.
contradiction	Barbara has a purse. She is incisive.	Purse is incisive.
contradiction	Peter has a light bulb. He is old-fashioned.	Light bulb is old-fashioned.
contradiction	Heather has a cigarette. She is artificial.	Cigarette is artificial.
contradiction	Larry has a purse. He is nervous.	Purse is nervous.
contradiction	Patrick has a glass. He is persevering.	Glass is persevering.
contradiction	Hugh has a credit card. He is joyous.	Credit card is joyous.
contradiction	Claire has an umbrella. She is unthinking.	Umbrella is unthinking.
contradiction	Benjamin has a brush. He is crafty.	Brush is crafty.
contradiction	Fiona has a postcard. She is sensitive.	Postcard is sensitive.
contradiction	Diane has a dictionary. She is excitable.	Dictionary is excitable.
contradiction	Catherine has a rubber. She is quick.	Rubber is quick.
contradiction	Kelly has a brush. She is diligent.	Brush is diligent.
contradiction	Julie has a case. She is hot-headed.	Case is hot-headed.
contradiction	Stephanie has a clip. She is shrewd.	Clip is shrewd.
contradiction	Chris has a clip. He is dramatic.	Clip is dramatic.
contradiction	Bobby has a match. He is demonic.	Match is demonic.
contradiction	Karen has an umbrella. She is courageous.	Umbrella is courageous.
contradiction	Sharon has a case. She is cantankerous.	Case is cantankerous.
contradiction	Louise has a headphone. She is persnickety.	Headphone is persnickety.
contradiction	Scott has a pen. He is flashy.	Pen is flashy.
contradiction	Howard has a notebook. He is cowardly.	Notebook is cowardly.
contradiction	Ken has a battery. He is fervent.	Battery is fervent.
contradiction	Frank has a lighter. He is cold.	Lighter is cold.
contradiction	Colin has a mobile phone. He is amiable.	Mobile phone is amiable.
contradiction	Andrea has a diary. She is miserable.	Diary is miserable.
contradiction	Andrea has a laptop. She is discreet.	Laptop is discreet.
contradiction	Karen has a banknote. She is dextrous.	Banknote is dextrous.
contradiction	Nancy has a pen. She is competent.	Pen is competent.
contradiction	Sarah has a rubber. She is flaky.	Rubber is flaky.
contradiction	Lauren has a case. She is sturdy.	Case is sturdy.
contradiction	Alice has a button. She is demure.	Button is demure.
contradiction	Bobby has a photo. He is excitable.	Photo is excitable.
contradiction	Charlotte has a photo. She is musical.	Photo is musical.
contradiction	Eric has a mirror. He is plain.	Mirror is plain.
contradiction	Robert has a clip. He is beautiful.	Clip is beautiful.
contradiction	Louise has a postcard. She is warm.	Postcard is warm.
contradiction	Martin has a match. He is cantankerous.	Match is cantankerous.
contradiction	Albert has a watch. He is caustic.	Watch is caustic.
contradiction	Michael has a pencil. He is deft.	Pencil is deft.
contradiction	Emily has a coin. She is stupid.	Coin is stupid.
contradiction	Michelle has a clip. She is reliable.	Clip is reliable.
contradiction	Sophie has a credit card. She is imaginative.	Credit card is imaginative.
contradiction	Jimmy has an alarm clock. He is dependent.	Alarm clock is dependent.
contradiction	Victoria has a photo. She is silly.	Photo is silly.
contradiction	Kathleen has a toothbrush. She is unguarded.	Toothbrush is unguarded.
contradiction	Betty has a coin. She is reserved.	Coin is reserved.
contradiction	Carolyn has a mirror. She is sulky.	Mirror is sulky.
contradiction	Ken has a light bulb. He is lively.	Light bulb is lively.
contradiction	Annie has a cigarette. She is inventive.	Cigarette is inventive.
contradiction	Patrick has a watch. He is plain.	Watch is plain.
contradiction	Evelyn has an umbrella. She is discreet.	Umbrella is discreet.
contradiction	Charlotte has a purse. She is numb.	Purse is numb.
contradiction	Diane has a toothbrush. She is mean.	Toothbrush is mean.
contradiction	Sharon has a postcard. She is diligent.	Postcard is diligent.
contradiction	Florence has a cigarette. She is plucky.	Cigarette is plucky.
contradiction	Billy has a pen. He is willing.	Pen is willing.
contradiction	Charlotte has a light bulb. She is capable.	Light bulb is capable.
contradiction	Don has a laptop. He is attentive.	Laptop is attentive.
contradiction	Edwin has a postcard. He is clever.	Postcard is clever.
contradiction	Julie has a lighter. She is morose.	Lighter is morose.
contradiction	Lisa has a notebook. She is sensible.	Notebook is sensible.
contradiction	Jimmy has a tissue. He is testy.	Tissue is testy.
contradiction	Peter has a file. He is enthusiastic.	File is enthusiastic.
contradiction	Amy has a postcard. She is hearty.	Postcard is hearty.
contradiction	Joan has a diary. She is lovable.	Diary is lovable.
contradiction	Tom has a wallet. He is clean.	Wallet is clean.
contradiction	Donald has a mobile phone. He is judgmental.	Mobile phone is judgmental.
contradiction	Bobby has a mirror. He is positive.	Mirror is positive.
contradiction	Ashley has a match. She is deferential.	Match is deferential.
contradiction	Tom has a pen. He is long-winded.	Pen is long-winded.
contradiction	Harry has a button. He is restless.	Button is restless.
contradiction	Patricia has a cigarette. She is experienced.	Cigarette is experienced.
contradiction	Kevin has a banknote. He is lovable.	Banknote is lovable.
contradiction	Lauren has a light bulb. She is deft.	Light bulb is deft.
contradiction	Robert has an alarm clock. He is lethargic.	Alarm clock is lethargic.
contradiction	Louise has a rubber. She is reluctant.	Rubber is reluctant.
contradiction	Dan has a postcard. He is dirty.	Postcard is dirty.
contradiction	Eleanor has a camera. She is quick.	Camera is quick.
contradiction	Jeff has a case. He is local.	Case is local.
contradiction	Susan has a watch. She is lithe.	Watch is lithe.
contradiction	Grace has a wallet. She is ambitious.	Wallet is ambitious.
contradiction	Harry has a toothbrush. He is love-lorn.	Toothbrush is love-lorn.
contradiction	Grace has a glass. She is cynical.	Glass is cynical.
contradiction	Frank has a camera. He is supercilious.	Camera is supercilious.
contradiction	Lauren has a banknote. She is well-behaved.	Banknote is well-behaved.
contradiction	Eleanor has a light bulb. She is jocular.	Light bulb is jocular.
contradiction	Rebecca has a newspaper. She is bright.	Newspaper is bright.
contradiction	Roger has a newspaper. He is careful.	Newspaper is careful.
contradiction	Roger has a banknote. He is inconsiderate.	Banknote is inconsiderate.
contradiction	Alexandra has a light bulb. She is dutiful.	Light bulb is dutiful.
contradiction	Claire has a player. She is ugly.	Player is ugly.
contradiction	Jean has a laptop. She is stoic.	Laptop is stoic.
contradiction	Adam has a button. He is lethargic.	Button is lethargic.
contradiction	Sharon has a credit card. She is realistic.	Credit card is realistic.
contradiction	Benjamin has a camera. He is irritating.	Camera is irritating.
contradiction	Roy has a photo. He is hysterical.	Photo is hysterical.
contradiction	Evelyn has a lighter. She is cautious.	Lighter is cautious.
contradiction	Tom has a battery. He is stoic.	Battery is stoic.
contradiction	Simon has a brush. He is discreet.	Brush is discreet.
contradiction	Al has a dictionary. He is motivated.	Dictionary is motivated.
contradiction	James has a coin. He is provocative.	Coin is provocative.
contradiction	Greg has a notebook. He is zealous.	Notebook is zealous.
contradiction	Mark has a file. He is inexperienced.	File is inexperienced.
contradiction	Steve has a photo. He is dowdy.	Photo is dowdy.
contradiction	Joe has a postcard. He is assertive.	Postcard is assertive.
contradiction	Maria has a mobile phone. She is plain-speaking.	Mobile phone is plain-speaking.
contradiction	Julia has a brush. She is candid.	Brush is candid.
contradiction	Paul has a match. He is industrious.	Match is industrious.
contradiction	Frank has a coin. He is volcanic.	Coin is volcanic.
contradiction	William has a comb. He is demonic.	Comb is demonic.
contradiction	Alexandra has a stamp. She is cautious.	Stamp is cautious.
contradiction	Francis has a clip. He is short-tempered.	Clip is short-tempered.
contradiction	Edwin has a laptop. He is beautiful.	Laptop is beautiful.
contradiction	Amy has a lipstick. She is resourceful.	Lipstick is resourceful.
contradiction	Catherine has a wallet. She is proficient.	Wallet is proficient.
contradiction	Philip has a scissor. He is weak.	Scissor is weak.
contradiction	Roy has an identity card. He is cruel.	Identity card is cruel.
contradiction	Stephanie has a camera. She is sincere.	Camera is sincere.
contradiction	Benjamin has a lighter. He is unpleasant.	Lighter is unpleasant.
contradiction	Emma has a tissue. She is earnest.	Tissue is earnest.
contradiction	Alison has an alarm clock. She is dextrous.	Alarm clock is dextrous.
contradiction	Charlie has a watch. He is nervous.	Watch is nervous.
contradiction	Stephen has a camera. He is beneficent.	Camera is beneficent.
contradiction	William has a glass. He is unimaginative.	Glass is unimaginative.
contradiction	Charlotte has a tissue. She is experienced.	Tissue is experienced.
contradiction	Eleanor has a postcard. She is energetic.	Postcard is energetic.
contradiction	Nicole has a coin. She is confident.	Coin is confident.
contradiction	Pamela has a dictionary. She is tactful.	Dictionary is tactful.
contradiction	Johnny has a car. He is passive.	Car is passive.
contradiction	Kim has a battery. She is well-rounded.	Battery is well-rounded.
contradiction	Emily has an alarm clock. She is depressed.	Alarm clock is depressed.
contradiction	Dorothy has a bottle. She is stable.	Bottle is stable.
contradiction	Edith has a pencil. She is level-headed.	Pencil is level-headed.
contradiction	Lisa has a dictionary. She is cold.	Dictionary is cold.
contradiction	Arthur has a clip. He is natural.	Clip is natural.
contradiction	Stephanie has a car. She is cynical.	Car is cynical.
contradiction	Lisa has a button. She is deferential.	Button is deferential.
contradiction	Catherine has a rubber. She is brilliant.	Rubber is brilliant.
contradiction	Wendy has an alarm clock. She is surly.	Alarm clock is surly.
contradiction	Julia has a purse. She is mild.	Purse is mild.
contradiction	Nicole has a cigarette. She is irritating.	Cigarette is irritating.
contradiction	Roy has a banknote. He is mean.	Banknote is mean.
contradiction	Charlie has a tissue. He is crass.	Tissue is crass.
contradiction	Mike has a toothbrush. He is apprehensive.	Toothbrush is apprehensive.
contradiction	Judy has a dictionary. She is pretty.	Dictionary is pretty.
contradiction	Sam has a tissue. He is patient.	Tissue is patient.
contradiction	Sam has an alarm clock. He is ardent.	Alarm clock is ardent.
contradiction	Kim has a light bulb. She is churlish.	Light bulb is churlish.
contradiction	Edith has a headphone. She is disagreeable.	Headphone is disagreeable.
contradiction	Eric has a coin. He is local.	Coin is local.
contradiction	Maria has a player. She is unwilling.	Player is unwilling.
contradiction	Helen has a postcard. She is judgmental.	Postcard is judgmental.
contradiction	Nancy has a cigarette. She is sharp.	Cigarette is sharp.
contradiction	Amanda has a toothbrush. She is sour.	Toothbrush is sour.
contradiction	Nicole has a camera. She is steady.	Camera is steady.
contradiction	Nicole has a stamp. She is plucky.	Stamp is plucky.
contradiction	Melissa has a camera. She is respected.	Camera is respected.
contradiction	Caroline has an identity card. She is artificial.	Identity card is artificial.
contradiction	Greg has a mirror. He is realistic.	Mirror is realistic.
contradiction	Philip has a player. He is sullen.	Player is sullen.
contradiction	Sharon has a car. She is amazing.	Car is amazing.
contradiction	George has a newspaper. He is well-behaved.	Newspaper is well-behaved.
contradiction	Caroline has an alarm clock. She is sensible.	Alarm clock is sensible.
contradiction	Sandra has a dictionary. She is zealous.	Dictionary is zealous.
contradiction	Katherine has a glass. She is unguarded.	Glass is unguarded.
contradiction	Tim has a diary. He is delicate.	Diary is delicate.
contradiction	Emily has a tissue. She is well-developed.	Tissue is well-developed.
contradiction	Peter has a newspaper. He is wary.	Newspaper is wary.
contradiction	Ben has a car. He is average.	Car is average.
contradiction	Hugh has a glass. He is versatile.	Glass is versatile.
contradiction	Al has a brush. He is weak.	Brush is weak.
contradiction	Carolyn has a postcard. She is practical.	Postcard is practical.
contradiction	Dan has a headphone. He is disagreeable.	Headphone is disagreeable.
contradiction	Mike has a file. He is plain.	File is plain.
contradiction	Amy has a button. She is guarded.	Button is guarded.
contradiction	Ellen has a wallet. She is unreliable.	Wallet is unreliable.
contradiction	Ellen has a dictionary. She is enterprising.	Dictionary is enterprising.
contradiction	Lisa has a bottle. She is old-fashioned.	Bottle is old-fashioned.
contradiction	Jim has a light bulb. He is vigilant.	Light bulb is vigilant.
contradiction	Alan has a watch. He is peevish.	Watch is peevish.
contradiction	Ken has a tissue. He is enthusiastic.	Tissue is enthusiastic.
contradiction	Kathryn has a button. She is leery.	Button is leery.
contradiction	Anne has a postcard. She is helpful.	Postcard is helpful.
contradiction	Lisa has a watch. She is grave.	Watch is grave.
contradiction	Ron has a newspaper. He is enthusiastic.	Newspaper is enthusiastic.
contradiction	Tim has a photo. He is grouchy.	Photo is grouchy.
contradiction	Louise has a car. She is wary.	Car is wary.
contradiction	Eleanor has a postcard. She is grave.	Postcard is grave.
contradiction	Thomas has a banknote. He is hypercritical.	Banknote is hypercritical.
contradiction	Sandra has a magazine. She is maternal.	Magazine is maternal.
contradiction	Ben has a credit card. He is responsible.	Credit card is responsible.
contradiction	Jim has a car. He is crass.	Car is crass.
contradiction	Ray has a stamp. He is excellent.	Stamp is excellent.
contradiction	Kathryn has a toothbrush. She is gentle.	Toothbrush is gentle.
contradiction	Amy has a match. She is saucy.	Match is saucy.
contradiction	Francis has a notebook. He is well-intentioned.	Notebook is well-intentioned.
contradiction	Alice has a headphone. She is timid.	Headphone is timid.
contradiction	Ellen has a toothbrush. She is generous.	Toothbrush is generous.
contradiction	Cynthia has a dictionary. She is inconsiderate.	Dictionary is inconsiderate.
contradiction	Alison has a dictionary. She is independent.	Dictionary is independent.
contradiction	Donna has a cigarette. She is cruel.	Cigarette is cruel.
contradiction	Harold has a headphone. He is curious.	Headphone is curious.
contradiction	Jack has a credit card. He is paternalistic.	Credit card is paternalistic.
contradiction	Diane has a clip. She is paternal.	Clip is paternal.
contradiction	Christopher has a notebook. He is callous.	Notebook is callous.
contradiction	Alexander has a car. He is circumspect.	Car is circumspect.
contradiction	Alexandra has a rubber. She is able.	Rubber is able.
contradiction	Joe has an umbrella. He is above average.	Umbrella is above average.
contradiction	Cynthia has a button. She is imaginative.	Button is imaginative.
contradiction	Harriet has a laptop. She is thoughtful.	Laptop is thoughtful.
contradiction	Matthew has a postcard. He is balanced.	Postcard is balanced.
contradiction	Jessica has a battery. She is somber.	Battery is somber.
contradiction	Frank has a postcard. He is reclusive.	Postcard is reclusive.
contradiction	Karen has a postcard. She is distant.	Postcard is distant.
contradiction	Lynn has a brush. She is mild.	Brush is mild.
contradiction	Samuel has a comb. He is sharp.	Comb is sharp.
contradiction	Bruce has a diary. He is kind.	Diary is kind.
contradiction	Caroline has a bottle. She is wonderful.	Bottle is wonderful.
contradiction	Howard has a credit card. He is quiet.	Credit card is quiet.
contradiction	Al has a dictionary. He is confused.	Dictionary is confused.
contradiction	Wendy has an umbrella. She is agile.	Umbrella is agile.
contradiction	Benjamin has an umbrella. He is sharp.	Umbrella is sharp.
contradiction	Charlie has a diary. He is jovial.	Diary is jovial.
contradiction	Scott has a player. He is apprehensive.	Player is apprehensive.
contradiction	Roy has a coin. He is abnormal.	Coin is abnormal.
contradiction	Francis has a match. He is clumsy.	Match is clumsy.
contradiction	Charlotte has a tissue. She is hesitant.	Tissue is hesitant.
contradiction	Ed has a purse. He is groggy.	Purse is groggy.
contradiction	Harriet has a clip. She is unsophisticated.	Clip is unsophisticated.
contradiction	Suzanne has a car. She is idiotic.	Car is idiotic.
contradiction	Jack has a photo. He is snazzy.	Photo is snazzy.
contradiction	Kathryn has a mirror. She is well-intentioned.	Mirror is well-intentioned.
contradiction	Marilyn has a dictionary. She is polite.	Dictionary is polite.
contradiction	Arthur has a player. He is timid.	Player is timid.
contradiction	Gary has a dictionary. He is caustic.	Dictionary is caustic.
contradiction	Frederick has a stamp. He is delicate.	Stamp is delicate.
contradiction	Alice has a mobile phone. She is level-headed.	Mobile phone is level-headed.
contradiction	Wendy has a laptop. She is civil.	Laptop is civil.
contradiction	Edith has a camera. She is tired.	Camera is tired.
contradiction	Philip has a photo. He is conceited.	Photo is conceited.
contradiction	Ed has a toothbrush. He is cynical.	Toothbrush is cynical.
contradiction	Heather has a cigarette. She is volcanic.	Cigarette is volcanic.
contradiction	Rachel has a light bulb. She is buff.	Light bulb is buff.
contradiction	Albert has a diary. He is unimaginative.	Diary is unimaginative.
contradiction	Carl has a clip. He is paternalistic.	Clip is paternalistic.
contradiction	Matt has a button. He is delightful.	Button is delightful.
contradiction	Steven has a match. He is careful.	Match is careful.
contradiction	Ron has a glass. He is dull.	Glass is dull.
contradiction	Steven has a notebook. He is well-respected.	Notebook is well-respected.
contradiction	Alfred has a pen. He is coherent.	Pen is coherent.
contradiction	Chris has a bottle. He is irritable.	Bottle is irritable.
contradiction	Lawrence has a rubber. He is courageous.	Rubber is courageous.
contradiction	Tony has a lighter. He is incompetent.	Lighter is incompetent.
contradiction	Christopher has a toothbrush. He is hearty.	Toothbrush is hearty.
contradiction	Kathleen has a glass. She is miserable.	Glass is miserable.
contradiction	Dorothy has an alarm clock. She is normal.	Alarm clock is normal.
contradiction	Dave has a brush. He is serious.	Brush is serious.
contradiction	Joseph has a notebook. He is dreary.	Notebook is dreary.
contradiction	Billy has a banknote. He is deferential.	Banknote is deferential.
contradiction	Bobby has a comb. He is analytical.	Comb is analytical.
contradiction	Ron has a wallet. He is dextrous.	Wallet is dextrous.
contradiction	Jonathan has a glass. He is self-assured.	Glass is self-assured.
contradiction	Diane has a tissue. She is circumspect.	Tissue is circumspect.
contradiction	Chris has a mirror. He is leery.	Mirror is leery.
contradiction	Alfred has a headphone. He is condescending.	Headphone is condescending.
contradiction	Ian has a file. He is popular.	File is popular.
contradiction	Ray has a pencil. He is direct.	Pencil is direct.
contradiction	Robin has a rubber. She is incompetent.	Rubber is incompetent.
contradiction	Philip has a file. He is love-lorn.	File is love-lorn.
contradiction	Ryan has a glass. He is abnormal.	Glass is abnormal.
