entailment	All 7 dictionaries are maroon in colour.	Exactly 7 dictionaries are maroon in colour.
entailment	All 7 alarm clocks are grey in colour.	Exactly 7 alarm clocks are grey in colour.
entailment	All 8 clips are black in colour.	Exactly 8 clips are black in colour.
entailment	All 6 notebooks are yellow in colour.	Exactly 6 notebooks are yellow in colour.
entailment	All 8 buttons are magenta in colour.	Exactly 8 buttons are magenta in colour.
entailment	All 3 stamps are magenta in colour.	Exactly 3 stamps are magenta in colour.
entailment	All 8 purses are maroon in colour.	Exactly 8 purses are maroon in colour.
entailment	All 5 credit cards are crimson in colour.	Exactly 5 credit cards are crimson in colour.
entailment	All 6 buttons are yellow in colour.	Exactly 6 buttons are yellow in colour.
entailment	All 6 coins are green in colour.	Exactly 6 coins are green in colour.
entailment	All 7 identity cards are magenta in colour.	Exactly 7 identity cards are magenta in colour.
entailment	All 6 lipsticks are blue in colour.	Exactly 6 lipsticks are blue in colour.
entailment	All 9 credit cards are purple in colour.	Exactly 9 credit cards are purple in colour.
entailment	All 4 files are yellow in colour.	Exactly 4 files are yellow in colour.
entailment	All 8 postcards are white in colour.	Exactly 8 postcards are white in colour.
entailment	All 3 pencils are brown in colour.	Exactly 3 pencils are brown in colour.
entailment	All 9 light bulbs are red in colour.	Exactly 9 light bulbs are red in colour.
entailment	All 7 postcards are grey in colour.	Exactly 7 postcards are grey in colour.
entailment	All 8 players are crimson in colour.	Exactly 8 players are crimson in colour.
entailment	All 5 banknotes are blue in colour.	Exactly 5 banknotes are blue in colour.
entailment	All 10 combs are white in colour.	Exactly 10 combs are white in colour.
entailment	All 8 newspapers are crimson in colour.	Exactly 8 newspapers are crimson in colour.
entailment	All 5 glasses are blue in colour.	Exactly 5 glasses are blue in colour.
entailment	All 5 light bulbs are maroon in colour.	Exactly 5 light bulbs are maroon in colour.
entailment	All 5 headphones are green in colour.	Exactly 5 headphones are green in colour.
entailment	All 7 combs are purple in colour.	Exactly 7 combs are purple in colour.
entailment	All 9 photos are pink in colour.	Exactly 9 photos are pink in colour.
entailment	All 7 wallets are white in colour.	Exactly 7 wallets are white in colour.
entailment	All 4 dictionaries are red in colour.	Exactly 4 dictionaries are red in colour.
entailment	All 6 players are blue in colour.	Exactly 6 players are blue in colour.
entailment	All 9 diaries are green in colour.	Exactly 9 diaries are green in colour.
entailment	All 9 players are blue in colour.	Exactly 9 players are blue in colour.
entailment	All 8 laptops are black in colour.	Exactly 8 laptops are black in colour.
entailment	All 5 mirrors are magenta in colour.	Exactly 5 mirrors are magenta in colour.
entailment	All 4 batteries are blue in colour.	Exactly 4 batteries are blue in colour.
entailment	All 4 light bulbs are purple in colour.	Exactly 4 light bulbs are purple in colour.
entailment	All 9 umbrellas are maroon in colour.	Exactly 9 umbrellas are maroon in colour.
entailment	All 3 postcards are grey in colour.	Exactly 3 postcards are grey in colour.
entailment	All 3 files are white in colour.	Exactly 3 files are white in colour.
entailment	All 5 scissors are green in colour.	Exactly 5 scissors are green in colour.
entailment	All 3 clips are black in colour.	Exactly 3 clips are black in colour.
entailment	All 4 headphones are maroon in colour.	Exactly 4 headphones are maroon in colour.
entailment	All 9 tissues are black in colour.	Exactly 9 tissues are black in colour.
entailment	All 10 laptops are blue in colour.	Exactly 10 laptops are blue in colour.
entailment	All 9 toothbrushes are crimson in colour.	Exactly 9 toothbrushes are crimson in colour.
entailment	All 7 wallets are black in colour.	Exactly 7 wallets are black in colour.
entailment	All 3 notebooks are yellow in colour.	Exactly 3 notebooks are yellow in colour.
entailment	All 4 cigarettes are crimson in colour.	Exactly 4 cigarettes are crimson in colour.
entailment	All 4 coins are crimson in colour.	Exactly 4 coins are crimson in colour.
entailment	All 4 diaries are red in colour.	Exactly 4 diaries are red in colour.
entailment	All 7 diaries are yellow in colour.	Exactly 7 diaries are yellow in colour.
entailment	All 4 photos are red in colour.	Exactly 4 photos are red in colour.
entailment	All 6 notebooks are blue in colour.	Exactly 6 notebooks are blue in colour.
entailment	All 7 newspapers are purple in colour.	Exactly 7 newspapers are purple in colour.
entailment	All 10 glasses are pink in colour.	Exactly 10 glasses are pink in colour.
entailment	All 9 cases are brown in colour.	Exactly 9 cases are brown in colour.
entailment	All 4 rubbers are pink in colour.	Exactly 4 rubbers are pink in colour.
entailment	All 10 matches are pink in colour.	Exactly 10 matches are pink in colour.
entailment	All 9 diaries are purple in colour.	Exactly 9 diaries are purple in colour.
entailment	All 4 mobile phones are white in colour.	Exactly 4 mobile phones are white in colour.
entailment	All 2 cigarettes are maroon in colour.	Exactly 2 cigarettes are maroon in colour.
entailment	All 7 postcards are magenta in colour.	Exactly 7 postcards are magenta in colour.
entailment	All 7 identity cards are green in colour.	Exactly 7 identity cards are green in colour.
entailment	All 2 pens are crimson in colour.	Exactly 2 pens are crimson in colour.
entailment	All 5 players are green in colour.	Exactly 5 players are green in colour.
entailment	All 4 dictionaries are crimson in colour.	Exactly 4 dictionaries are crimson in colour.
entailment	All 8 bottles are brown in colour.	Exactly 8 bottles are brown in colour.
entailment	All 7 lipsticks are red in colour.	Exactly 7 lipsticks are red in colour.
entailment	All 9 coins are red in colour.	Exactly 9 coins are red in colour.
entailment	All 8 magazines are red in colour.	Exactly 8 magazines are red in colour.
entailment	All 3 tissues are brown in colour.	Exactly 3 tissues are brown in colour.
entailment	All 6 coins are purple in colour.	Exactly 6 coins are purple in colour.
entailment	All 10 clips are magenta in colour.	Exactly 10 clips are magenta in colour.
entailment	All 8 notebooks are blue in colour.	Exactly 8 notebooks are blue in colour.
entailment	All 4 identity cards are purple in colour.	Exactly 4 identity cards are purple in colour.
entailment	All 7 identity cards are maroon in colour.	Exactly 7 identity cards are maroon in colour.
entailment	All 9 wallets are maroon in colour.	Exactly 9 wallets are maroon in colour.
entailment	All 5 mirrors are magenta in colour.	Exactly 5 mirrors are magenta in colour.
entailment	All 7 cars are pink in colour.	Exactly 7 cars are pink in colour.
entailment	All 3 diaries are blue in colour.	Exactly 3 diaries are blue in colour.
entailment	All 4 stamps are blue in colour.	Exactly 4 stamps are blue in colour.
entailment	All 4 mirrors are brown in colour.	Exactly 4 mirrors are brown in colour.
entailment	All 6 laptops are red in colour.	Exactly 6 laptops are red in colour.
entailment	All 10 matches are maroon in colour.	Exactly 10 matches are maroon in colour.
entailment	All 4 mirrors are magenta in colour.	Exactly 4 mirrors are magenta in colour.
entailment	All 6 files are maroon in colour.	Exactly 6 files are maroon in colour.
entailment	All 3 files are red in colour.	Exactly 3 files are red in colour.
entailment	All 7 watches are yellow in colour.	Exactly 7 watches are yellow in colour.
entailment	All 8 lipsticks are pink in colour.	Exactly 8 lipsticks are pink in colour.
entailment	All 8 identity cards are purple in colour.	Exactly 8 identity cards are purple in colour.
entailment	All 2 watches are pink in colour.	Exactly 2 watches are pink in colour.
entailment	All 9 scissors are blue in colour.	Exactly 9 scissors are blue in colour.
entailment	All 8 files are magenta in colour.	Exactly 8 files are magenta in colour.
entailment	All 7 lipsticks are green in colour.	Exactly 7 lipsticks are green in colour.
entailment	All 5 pencils are white in colour.	Exactly 5 pencils are white in colour.
entailment	All 8 newspapers are purple in colour.	Exactly 8 newspapers are purple in colour.
entailment	All 6 mobile phones are magenta in colour.	Exactly 6 mobile phones are magenta in colour.
entailment	All 9 purses are pink in colour.	Exactly 9 purses are pink in colour.
entailment	All 4 credit cards are magenta in colour.	Exactly 4 credit cards are magenta in colour.
entailment	All 2 postcards are black in colour.	Exactly 2 postcards are black in colour.
entailment	All 10 brushes are red in colour.	Exactly 10 brushes are red in colour.
entailment	All 4 magazines are green in colour.	Exactly 4 magazines are green in colour.
entailment	All 7 pencils are yellow in colour.	Exactly 7 pencils are yellow in colour.
entailment	All 4 combs are black in colour.	Exactly 4 combs are black in colour.
entailment	All 3 batteries are blue in colour.	Exactly 3 batteries are blue in colour.
entailment	All 2 cars are purple in colour.	Exactly 2 cars are purple in colour.
entailment	All 10 glasses are pink in colour.	Exactly 10 glasses are pink in colour.
entailment	All 8 light bulbs are white in colour.	Exactly 8 light bulbs are white in colour.
entailment	All 5 glasses are white in colour.	Exactly 5 glasses are white in colour.
entailment	All 8 tissues are grey in colour.	Exactly 8 tissues are grey in colour.
entailment	All 4 dictionaries are blue in colour.	Exactly 4 dictionaries are blue in colour.
entailment	All 3 laptops are black in colour.	Exactly 3 laptops are black in colour.
entailment	All 8 rubbers are yellow in colour.	Exactly 8 rubbers are yellow in colour.
entailment	All 6 cases are black in colour.	Exactly 6 cases are black in colour.
entailment	All 3 files are red in colour.	Exactly 3 files are red in colour.
entailment	All 4 identity cards are pink in colour.	Exactly 4 identity cards are pink in colour.
entailment	All 7 scissors are pink in colour.	Exactly 7 scissors are pink in colour.
entailment	All 4 players are green in colour.	Exactly 4 players are green in colour.
entailment	All 9 dictionaries are red in colour.	Exactly 9 dictionaries are red in colour.
entailment	All 6 banknotes are magenta in colour.	Exactly 6 banknotes are magenta in colour.
entailment	All 10 lipsticks are yellow in colour.	Exactly 10 lipsticks are yellow in colour.
entailment	All 3 watches are red in colour.	Exactly 3 watches are red in colour.
entailment	All 5 mirrors are green in colour.	Exactly 5 mirrors are green in colour.
entailment	All 7 brushes are brown in colour.	Exactly 7 brushes are brown in colour.
entailment	All 2 tissues are blue in colour.	Exactly 2 tissues are blue in colour.
entailment	All 8 alarm clocks are red in colour.	Exactly 8 alarm clocks are red in colour.
entailment	All 8 pens are green in colour.	Exactly 8 pens are green in colour.
entailment	All 8 scissors are white in colour.	Exactly 8 scissors are white in colour.
entailment	All 3 brushes are pink in colour.	Exactly 3 brushes are pink in colour.
entailment	All 7 dictionaries are grey in colour.	Exactly 7 dictionaries are grey in colour.
entailment	All 4 rubbers are black in colour.	Exactly 4 rubbers are black in colour.
entailment	All 5 players are purple in colour.	Exactly 5 players are purple in colour.
entailment	All 7 pens are purple in colour.	Exactly 7 pens are purple in colour.
entailment	All 4 lipsticks are blue in colour.	Exactly 4 lipsticks are blue in colour.
entailment	All 7 diaries are brown in colour.	Exactly 7 diaries are brown in colour.
entailment	All 7 umbrellas are brown in colour.	Exactly 7 umbrellas are brown in colour.
entailment	All 10 dictionaries are grey in colour.	Exactly 10 dictionaries are grey in colour.
entailment	All 3 brushes are red in colour.	Exactly 3 brushes are red in colour.
entailment	All 5 cars are purple in colour.	Exactly 5 cars are purple in colour.
entailment	All 8 wallets are white in colour.	Exactly 8 wallets are white in colour.
entailment	All 7 brushes are purple in colour.	Exactly 7 brushes are purple in colour.
entailment	All 5 combs are pink in colour.	Exactly 5 combs are pink in colour.
entailment	All 2 diaries are magenta in colour.	Exactly 2 diaries are magenta in colour.
entailment	All 10 pens are black in colour.	Exactly 10 pens are black in colour.
entailment	All 10 lighters are maroon in colour.	Exactly 10 lighters are maroon in colour.
entailment	All 9 glasses are white in colour.	Exactly 9 glasses are white in colour.
entailment	All 8 laptops are grey in colour.	Exactly 8 laptops are grey in colour.
entailment	All 4 cars are maroon in colour.	Exactly 4 cars are maroon in colour.
entailment	All 10 pencils are magenta in colour.	Exactly 10 pencils are magenta in colour.
entailment	All 7 batteries are yellow in colour.	Exactly 7 batteries are yellow in colour.
entailment	All 2 wallets are brown in colour.	Exactly 2 wallets are brown in colour.
entailment	All 3 cases are brown in colour.	Exactly 3 cases are brown in colour.
entailment	All 5 glasses are magenta in colour.	Exactly 5 glasses are magenta in colour.
entailment	All 10 headphones are red in colour.	Exactly 10 headphones are red in colour.
entailment	All 10 buttons are red in colour.	Exactly 10 buttons are red in colour.
entailment	All 7 players are purple in colour.	Exactly 7 players are purple in colour.
entailment	All 10 photos are crimson in colour.	Exactly 10 photos are crimson in colour.
entailment	All 4 credit cards are green in colour.	Exactly 4 credit cards are green in colour.
entailment	All 10 banknotes are white in colour.	Exactly 10 banknotes are white in colour.
entailment	All 10 matches are crimson in colour.	Exactly 10 matches are crimson in colour.
entailment	All 5 combs are purple in colour.	Exactly 5 combs are purple in colour.
entailment	All 10 tissues are pink in colour.	Exactly 10 tissues are pink in colour.
entailment	All 3 alarm clocks are maroon in colour.	Exactly 3 alarm clocks are maroon in colour.
entailment	All 2 glasses are green in colour.	Exactly 2 glasses are green in colour.
entailment	All 3 clips are green in colour.	Exactly 3 clips are green in colour.
entailment	All 5 matches are brown in colour.	Exactly 5 matches are brown in colour.
entailment	All 5 coins are blue in colour.	Exactly 5 coins are blue in colour.
entailment	All 3 combs are crimson in colour.	Exactly 3 combs are crimson in colour.
entailment	All 8 toothbrushes are magenta in colour.	Exactly 8 toothbrushes are magenta in colour.
entailment	All 8 alarm clocks are grey in colour.	Exactly 8 alarm clocks are grey in colour.
entailment	All 10 pens are brown in colour.	Exactly 10 pens are brown in colour.
entailment	All 10 credit cards are yellow in colour.	Exactly 10 credit cards are yellow in colour.
entailment	All 9 matches are purple in colour.	Exactly 9 matches are purple in colour.
entailment	All 3 mobile phones are yellow in colour.	Exactly 3 mobile phones are yellow in colour.
entailment	All 9 mirrors are red in colour.	Exactly 9 mirrors are red in colour.
entailment	All 7 pens are red in colour.	Exactly 7 pens are red in colour.
entailment	All 5 files are green in colour.	Exactly 5 files are green in colour.
entailment	All 5 lighters are magenta in colour.	Exactly 5 lighters are magenta in colour.
entailment	All 7 pencils are red in colour.	Exactly 7 pencils are red in colour.
entailment	All 10 matches are black in colour.	Exactly 10 matches are black in colour.
entailment	All 7 cigarettes are white in colour.	Exactly 7 cigarettes are white in colour.
entailment	All 9 mirrors are crimson in colour.	Exactly 9 mirrors are crimson in colour.
entailment	All 9 cigarettes are purple in colour.	Exactly 9 cigarettes are purple in colour.
entailment	All 8 matches are red in colour.	Exactly 8 matches are red in colour.
entailment	All 4 mirrors are green in colour.	Exactly 4 mirrors are green in colour.
entailment	All 7 cameras are crimson in colour.	Exactly 7 cameras are crimson in colour.
entailment	All 4 players are purple in colour.	Exactly 4 players are purple in colour.
entailment	All 4 mirrors are crimson in colour.	Exactly 4 mirrors are crimson in colour.
entailment	All 8 lighters are pink in colour.	Exactly 8 lighters are pink in colour.
entailment	All 4 scissors are crimson in colour.	Exactly 4 scissors are crimson in colour.
entailment	All 2 files are grey in colour.	Exactly 2 files are grey in colour.
entailment	All 3 light bulbs are magenta in colour.	Exactly 3 light bulbs are magenta in colour.
entailment	All 3 magazines are yellow in colour.	Exactly 3 magazines are yellow in colour.
entailment	All 2 lipsticks are blue in colour.	Exactly 2 lipsticks are blue in colour.
entailment	All 7 coins are grey in colour.	Exactly 7 coins are grey in colour.
entailment	All 6 identity cards are purple in colour.	Exactly 6 identity cards are purple in colour.
entailment	All 8 lipsticks are crimson in colour.	Exactly 8 lipsticks are crimson in colour.
entailment	All 4 credit cards are white in colour.	Exactly 4 credit cards are white in colour.
entailment	All 9 buttons are blue in colour.	Exactly 9 buttons are blue in colour.
entailment	All 10 notebooks are white in colour.	Exactly 10 notebooks are white in colour.
entailment	All 9 photos are purple in colour.	Exactly 9 photos are purple in colour.
entailment	All 4 players are green in colour.	Exactly 4 players are green in colour.
entailment	All 4 cars are crimson in colour.	Exactly 4 cars are crimson in colour.
entailment	All 2 notebooks are purple in colour.	Exactly 2 notebooks are purple in colour.
entailment	All 5 headphones are black in colour.	Exactly 5 headphones are black in colour.
entailment	All 9 glasses are grey in colour.	Exactly 9 glasses are grey in colour.
entailment	All 6 headphones are brown in colour.	Exactly 6 headphones are brown in colour.
entailment	All 6 files are crimson in colour.	Exactly 6 files are crimson in colour.
entailment	All 2 newspapers are grey in colour.	Exactly 2 newspapers are grey in colour.
entailment	All 2 mirrors are grey in colour.	Exactly 2 mirrors are grey in colour.
entailment	All 5 cases are brown in colour.	Exactly 5 cases are brown in colour.
entailment	All 8 headphones are yellow in colour.	Exactly 8 headphones are yellow in colour.
entailment	All 10 laptops are black in colour.	Exactly 10 laptops are black in colour.
entailment	All 5 identity cards are brown in colour.	Exactly 5 identity cards are brown in colour.
entailment	All 6 buttons are brown in colour.	Exactly 6 buttons are brown in colour.
entailment	All 9 credit cards are purple in colour.	Exactly 9 credit cards are purple in colour.
entailment	All 3 toothbrushes are blue in colour.	Exactly 3 toothbrushes are blue in colour.
entailment	All 8 laptops are maroon in colour.	Exactly 8 laptops are maroon in colour.
entailment	All 10 players are pink in colour.	Exactly 10 players are pink in colour.
entailment	All 9 cigarettes are grey in colour.	Exactly 9 cigarettes are grey in colour.
entailment	All 6 watches are green in colour.	Exactly 6 watches are green in colour.
entailment	All 7 postcards are green in colour.	Exactly 7 postcards are green in colour.
entailment	All 2 banknotes are yellow in colour.	Exactly 2 banknotes are yellow in colour.
entailment	All 6 umbrellas are white in colour.	Exactly 6 umbrellas are white in colour.
entailment	All 3 buttons are magenta in colour.	Exactly 3 buttons are magenta in colour.
entailment	All 8 postcards are pink in colour.	Exactly 8 postcards are pink in colour.
entailment	All 6 files are grey in colour.	Exactly 6 files are grey in colour.
entailment	All 7 watches are brown in colour.	Exactly 7 watches are brown in colour.
entailment	All 6 buttons are black in colour.	Exactly 6 buttons are black in colour.
entailment	All 4 bottles are yellow in colour.	Exactly 4 bottles are yellow in colour.
entailment	All 9 alarm clocks are red in colour.	Exactly 9 alarm clocks are red in colour.
entailment	All 3 batteries are crimson in colour.	Exactly 3 batteries are crimson in colour.
entailment	All 5 coins are red in colour.	Exactly 5 coins are red in colour.
entailment	All 5 umbrellas are brown in colour.	Exactly 5 umbrellas are brown in colour.
entailment	All 5 dictionaries are maroon in colour.	Exactly 5 dictionaries are maroon in colour.
entailment	All 2 cigarettes are yellow in colour.	Exactly 2 cigarettes are yellow in colour.
entailment	All 9 laptops are purple in colour.	Exactly 9 laptops are purple in colour.
entailment	All 5 bottles are white in colour.	Exactly 5 bottles are white in colour.
entailment	All 4 photos are brown in colour.	Exactly 4 photos are brown in colour.
entailment	All 4 pencils are purple in colour.	Exactly 4 pencils are purple in colour.
entailment	All 7 pens are grey in colour.	Exactly 7 pens are grey in colour.
entailment	All 2 dictionaries are pink in colour.	Exactly 2 dictionaries are pink in colour.
entailment	All 7 lighters are magenta in colour.	Exactly 7 lighters are magenta in colour.
entailment	All 7 cases are crimson in colour.	Exactly 7 cases are crimson in colour.
entailment	All 4 lipsticks are grey in colour.	Exactly 4 lipsticks are grey in colour.
entailment	All 2 pens are magenta in colour.	Exactly 2 pens are magenta in colour.
entailment	All 5 newspapers are grey in colour.	Exactly 5 newspapers are grey in colour.
entailment	All 2 cars are red in colour.	Exactly 2 cars are red in colour.
entailment	All 10 cars are maroon in colour.	Exactly 10 cars are maroon in colour.
entailment	All 9 wallets are grey in colour.	Exactly 9 wallets are grey in colour.
entailment	All 9 clips are blue in colour.	Exactly 9 clips are blue in colour.
entailment	All 7 diaries are pink in colour.	Exactly 7 diaries are pink in colour.
entailment	All 7 rubbers are white in colour.	Exactly 7 rubbers are white in colour.
entailment	All 2 headphones are crimson in colour.	Exactly 2 headphones are crimson in colour.
entailment	All 2 combs are white in colour.	Exactly 2 combs are white in colour.
entailment	All 10 cameras are pink in colour.	Exactly 10 cameras are pink in colour.
entailment	All 7 headphones are crimson in colour.	Exactly 7 headphones are crimson in colour.
entailment	All 10 rubbers are black in colour.	Exactly 10 rubbers are black in colour.
entailment	All 4 headphones are white in colour.	Exactly 4 headphones are white in colour.
entailment	All 3 combs are blue in colour.	Exactly 3 combs are blue in colour.
entailment	All 7 pens are pink in colour.	Exactly 7 pens are pink in colour.
entailment	All 5 matches are blue in colour.	Exactly 5 matches are blue in colour.
entailment	All 7 pens are green in colour.	Exactly 7 pens are green in colour.
entailment	All 9 dictionaries are yellow in colour.	Exactly 9 dictionaries are yellow in colour.
entailment	All 6 rubbers are green in colour.	Exactly 6 rubbers are green in colour.
entailment	All 9 scissors are crimson in colour.	Exactly 9 scissors are crimson in colour.
entailment	All 7 pencils are white in colour.	Exactly 7 pencils are white in colour.
entailment	All 7 magazines are maroon in colour.	Exactly 7 magazines are maroon in colour.
entailment	All 3 toothbrushes are pink in colour.	Exactly 3 toothbrushes are pink in colour.
entailment	All 2 coins are brown in colour.	Exactly 2 coins are brown in colour.
entailment	All 5 wallets are grey in colour.	Exactly 5 wallets are grey in colour.
entailment	All 3 umbrellas are white in colour.	Exactly 3 umbrellas are white in colour.
entailment	All 7 mobile phones are yellow in colour.	Exactly 7 mobile phones are yellow in colour.
entailment	All 6 newspapers are green in colour.	Exactly 6 newspapers are green in colour.
entailment	All 2 buttons are yellow in colour.	Exactly 2 buttons are yellow in colour.
entailment	All 5 postcards are brown in colour.	Exactly 5 postcards are brown in colour.
entailment	All 7 toothbrushes are crimson in colour.	Exactly 7 toothbrushes are crimson in colour.
entailment	All 9 mirrors are crimson in colour.	Exactly 9 mirrors are crimson in colour.
entailment	All 4 light bulbs are green in colour.	Exactly 4 light bulbs are green in colour.
entailment	All 2 lipsticks are magenta in colour.	Exactly 2 lipsticks are magenta in colour.
entailment	All 4 credit cards are red in colour.	Exactly 4 credit cards are red in colour.
entailment	All 3 players are white in colour.	Exactly 3 players are white in colour.
entailment	All 10 magazines are white in colour.	Exactly 10 magazines are white in colour.
entailment	All 5 matches are maroon in colour.	Exactly 5 matches are maroon in colour.
entailment	All 10 glasses are yellow in colour.	Exactly 10 glasses are yellow in colour.
entailment	All 8 wallets are maroon in colour.	Exactly 8 wallets are maroon in colour.
entailment	All 2 mirrors are red in colour.	Exactly 2 mirrors are red in colour.
entailment	All 10 clips are brown in colour.	Exactly 10 clips are brown in colour.
entailment	All 10 toothbrushes are white in colour.	Exactly 10 toothbrushes are white in colour.
entailment	All 6 watches are crimson in colour.	Exactly 6 watches are crimson in colour.
entailment	All 6 glasses are red in colour.	Exactly 6 glasses are red in colour.
entailment	All 7 brushes are green in colour.	Exactly 7 brushes are green in colour.
entailment	All 6 scissors are pink in colour.	Exactly 6 scissors are pink in colour.
entailment	All 9 umbrellas are red in colour.	Exactly 9 umbrellas are red in colour.
entailment	All 3 postcards are crimson in colour.	Exactly 3 postcards are crimson in colour.
entailment	All 7 brushes are purple in colour.	Exactly 7 brushes are purple in colour.
entailment	All 4 cases are maroon in colour.	Exactly 4 cases are maroon in colour.
entailment	All 4 tissues are grey in colour.	Exactly 4 tissues are grey in colour.
entailment	All 9 files are maroon in colour.	Exactly 9 files are maroon in colour.
entailment	All 3 dictionaries are pink in colour.	Exactly 3 dictionaries are pink in colour.
entailment	All 6 credit cards are black in colour.	Exactly 6 credit cards are black in colour.
entailment	All 2 scissors are white in colour.	Exactly 2 scissors are white in colour.
entailment	All 10 clips are maroon in colour.	Exactly 10 clips are maroon in colour.
entailment	All 8 pencils are brown in colour.	Exactly 8 pencils are brown in colour.
entailment	All 10 rubbers are grey in colour.	Exactly 10 rubbers are grey in colour.
entailment	All 2 buttons are red in colour.	Exactly 2 buttons are red in colour.
entailment	All 2 cigarettes are pink in colour.	Exactly 2 cigarettes are pink in colour.
entailment	All 7 alarm clocks are grey in colour.	Exactly 7 alarm clocks are grey in colour.
entailment	All 2 clips are blue in colour.	Exactly 2 clips are blue in colour.
entailment	All 3 photos are yellow in colour.	Exactly 3 photos are yellow in colour.
entailment	All 5 identity cards are grey in colour.	Exactly 5 identity cards are grey in colour.
entailment	All 3 umbrellas are pink in colour.	Exactly 3 umbrellas are pink in colour.
entailment	All 4 pens are grey in colour.	Exactly 4 pens are grey in colour.
entailment	All 6 glasses are black in colour.	Exactly 6 glasses are black in colour.
entailment	All 9 laptops are yellow in colour.	Exactly 9 laptops are yellow in colour.
entailment	All 7 toothbrushes are yellow in colour.	Exactly 7 toothbrushes are yellow in colour.
entailment	All 7 cigarettes are green in colour.	Exactly 7 cigarettes are green in colour.
entailment	All 9 clips are brown in colour.	Exactly 9 clips are brown in colour.
entailment	All 6 cigarettes are blue in colour.	Exactly 6 cigarettes are blue in colour.
entailment	All 10 mobile phones are magenta in colour.	Exactly 10 mobile phones are magenta in colour.
entailment	All 5 dictionaries are brown in colour.	Exactly 5 dictionaries are brown in colour.
entailment	All 2 lipsticks are blue in colour.	Exactly 2 lipsticks are blue in colour.
entailment	All 3 clips are yellow in colour.	Exactly 3 clips are yellow in colour.
entailment	All 7 tissues are maroon in colour.	Exactly 7 tissues are maroon in colour.
entailment	All 5 umbrellas are yellow in colour.	Exactly 5 umbrellas are yellow in colour.
entailment	All 5 matches are yellow in colour.	Exactly 5 matches are yellow in colour.
entailment	All 6 watches are yellow in colour.	Exactly 6 watches are yellow in colour.
entailment	All 4 toothbrushes are magenta in colour.	Exactly 4 toothbrushes are magenta in colour.
entailment	All 4 brushes are red in colour.	Exactly 4 brushes are red in colour.
entailment	All 5 laptops are maroon in colour.	Exactly 5 laptops are maroon in colour.
entailment	All 8 batteries are white in colour.	Exactly 8 batteries are white in colour.
entailment	All 5 pencils are purple in colour.	Exactly 5 pencils are purple in colour.
entailment	All 10 lipsticks are magenta in colour.	Exactly 10 lipsticks are magenta in colour.
entailment	All 10 mobile phones are blue in colour.	Exactly 10 mobile phones are blue in colour.
entailment	All 2 batteries are maroon in colour.	Exactly 2 batteries are maroon in colour.
entailment	All 6 headphones are purple in colour.	Exactly 6 headphones are purple in colour.
entailment	All 8 pens are magenta in colour.	Exactly 8 pens are magenta in colour.
entailment	All 9 pencils are grey in colour.	Exactly 9 pencils are grey in colour.
entailment	All 8 identity cards are purple in colour.	Exactly 8 identity cards are purple in colour.
entailment	All 4 watches are magenta in colour.	Exactly 4 watches are magenta in colour.
entailment	All 2 laptops are blue in colour.	Exactly 2 laptops are blue in colour.
entailment	All 2 headphones are crimson in colour.	Exactly 2 headphones are crimson in colour.
entailment	All 5 clips are blue in colour.	Exactly 5 clips are blue in colour.
entailment	All 9 diaries are crimson in colour.	Exactly 9 diaries are crimson in colour.
entailment	All 8 brushes are pink in colour.	Exactly 8 brushes are pink in colour.
entailment	All 2 rubbers are black in colour.	Exactly 2 rubbers are black in colour.
entailment	All 9 pens are pink in colour.	Exactly 9 pens are pink in colour.
entailment	All 7 laptops are brown in colour.	Exactly 7 laptops are brown in colour.
entailment	All 4 notebooks are magenta in colour.	Exactly 4 notebooks are magenta in colour.
entailment	All 5 rubbers are purple in colour.	Exactly 5 rubbers are purple in colour.
entailment	All 6 mirrors are green in colour.	Exactly 6 mirrors are green in colour.
entailment	All 8 headphones are magenta in colour.	Exactly 8 headphones are magenta in colour.
entailment	All 4 combs are black in colour.	Exactly 4 combs are black in colour.
entailment	All 10 toothbrushes are yellow in colour.	Exactly 10 toothbrushes are yellow in colour.
entailment	All 3 brushes are blue in colour.	Exactly 3 brushes are blue in colour.
entailment	All 3 lighters are crimson in colour.	Exactly 3 lighters are crimson in colour.
entailment	All 5 lighters are maroon in colour.	Exactly 5 lighters are maroon in colour.
entailment	All 10 files are purple in colour.	Exactly 10 files are purple in colour.
entailment	All 8 cars are green in colour.	Exactly 8 cars are green in colour.
entailment	All 10 stamps are purple in colour.	Exactly 10 stamps are purple in colour.
entailment	All 6 postcards are brown in colour.	Exactly 6 postcards are brown in colour.
entailment	All 10 notebooks are black in colour.	Exactly 10 notebooks are black in colour.
entailment	All 4 scissors are yellow in colour.	Exactly 4 scissors are yellow in colour.
entailment	All 5 tissues are pink in colour.	Exactly 5 tissues are pink in colour.
entailment	All 5 light bulbs are red in colour.	Exactly 5 light bulbs are red in colour.
entailment	All 7 buttons are grey in colour.	Exactly 7 buttons are grey in colour.
entailment	All 3 pens are red in colour.	Exactly 3 pens are red in colour.
entailment	All 7 scissors are brown in colour.	Exactly 7 scissors are brown in colour.
entailment	All 2 brushes are yellow in colour.	Exactly 2 brushes are yellow in colour.
entailment	All 10 clips are maroon in colour.	Exactly 10 clips are maroon in colour.
entailment	All 2 rubbers are grey in colour.	Exactly 2 rubbers are grey in colour.
entailment	All 6 newspapers are grey in colour.	Exactly 6 newspapers are grey in colour.
entailment	All 10 credit cards are magenta in colour.	Exactly 10 credit cards are magenta in colour.
entailment	All 6 matches are magenta in colour.	Exactly 6 matches are magenta in colour.
entailment	All 5 umbrellas are pink in colour.	Exactly 5 umbrellas are pink in colour.
entailment	All 9 glasses are pink in colour.	Exactly 9 glasses are pink in colour.
entailment	All 6 batteries are white in colour.	Exactly 6 batteries are white in colour.
entailment	All 7 coins are maroon in colour.	Exactly 7 coins are maroon in colour.
entailment	All 2 light bulbs are green in colour.	Exactly 2 light bulbs are green in colour.
entailment	All 9 alarm clocks are red in colour.	Exactly 9 alarm clocks are red in colour.
entailment	All 3 newspapers are magenta in colour.	Exactly 3 newspapers are magenta in colour.
entailment	All 4 credit cards are black in colour.	Exactly 4 credit cards are black in colour.
entailment	All 9 combs are white in colour.	Exactly 9 combs are white in colour.
entailment	All 9 postcards are maroon in colour.	Exactly 9 postcards are maroon in colour.
entailment	All 7 diaries are black in colour.	Exactly 7 diaries are black in colour.
entailment	All 3 purses are blue in colour.	Exactly 3 purses are blue in colour.
entailment	All 10 clips are blue in colour.	Exactly 10 clips are blue in colour.
entailment	All 7 combs are grey in colour.	Exactly 7 combs are grey in colour.
entailment	All 8 magazines are yellow in colour.	Exactly 8 magazines are yellow in colour.
entailment	All 5 diaries are red in colour.	Exactly 5 diaries are red in colour.
entailment	All 10 toothbrushes are green in colour.	Exactly 10 toothbrushes are green in colour.
entailment	All 2 mirrors are brown in colour.	Exactly 2 mirrors are brown in colour.
entailment	All 10 banknotes are pink in colour.	Exactly 10 banknotes are pink in colour.
entailment	All 5 batteries are green in colour.	Exactly 5 batteries are green in colour.
entailment	All 5 alarm clocks are yellow in colour.	Exactly 5 alarm clocks are yellow in colour.
entailment	All 10 coins are crimson in colour.	Exactly 10 coins are crimson in colour.
entailment	All 3 files are purple in colour.	Exactly 3 files are purple in colour.
entailment	All 2 cars are pink in colour.	Exactly 2 cars are pink in colour.
entailment	All 3 stamps are maroon in colour.	Exactly 3 stamps are maroon in colour.
entailment	All 8 alarm clocks are white in colour.	Exactly 8 alarm clocks are white in colour.
entailment	All 7 cigarettes are crimson in colour.	Exactly 7 cigarettes are crimson in colour.
entailment	All 10 cases are green in colour.	Exactly 10 cases are green in colour.
entailment	All 2 lighters are crimson in colour.	Exactly 2 lighters are crimson in colour.
entailment	All 2 coins are purple in colour.	Exactly 2 coins are purple in colour.
entailment	All 3 brushes are green in colour.	Exactly 3 brushes are green in colour.
entailment	All 3 umbrellas are maroon in colour.	Exactly 3 umbrellas are maroon in colour.
entailment	All 3 credit cards are purple in colour.	Exactly 3 credit cards are purple in colour.
entailment	All 2 dictionaries are green in colour.	Exactly 2 dictionaries are green in colour.
entailment	All 3 tissues are pink in colour.	Exactly 3 tissues are pink in colour.
entailment	All 8 purses are red in colour.	Exactly 8 purses are red in colour.
entailment	All 10 light bulbs are white in colour.	Exactly 10 light bulbs are white in colour.
entailment	All 7 clips are pink in colour.	Exactly 7 clips are pink in colour.
entailment	All 3 rubbers are magenta in colour.	Exactly 3 rubbers are magenta in colour.
entailment	All 3 stamps are brown in colour.	Exactly 3 stamps are brown in colour.
entailment	All 10 identity cards are brown in colour.	Exactly 10 identity cards are brown in colour.
entailment	All 7 identity cards are blue in colour.	Exactly 7 identity cards are blue in colour.
entailment	All 8 dictionaries are red in colour.	Exactly 8 dictionaries are red in colour.
entailment	All 7 wallets are white in colour.	Exactly 7 wallets are white in colour.
entailment	All 10 diaries are white in colour.	Exactly 10 diaries are white in colour.
entailment	All 9 bottles are black in colour.	Exactly 9 bottles are black in colour.
entailment	All 3 stamps are magenta in colour.	Exactly 3 stamps are magenta in colour.
entailment	All 5 light bulbs are yellow in colour.	Exactly 5 light bulbs are yellow in colour.
entailment	All 9 combs are red in colour.	Exactly 9 combs are red in colour.
entailment	All 4 mobile phones are magenta in colour.	Exactly 4 mobile phones are magenta in colour.
entailment	All 8 dictionaries are red in colour.	Exactly 8 dictionaries are red in colour.
entailment	All 8 players are white in colour.	Exactly 8 players are white in colour.
entailment	All 9 coins are green in colour.	Exactly 9 coins are green in colour.
entailment	All 3 credit cards are green in colour.	Exactly 3 credit cards are green in colour.
entailment	All 6 wallets are crimson in colour.	Exactly 6 wallets are crimson in colour.
entailment	All 6 cases are red in colour.	Exactly 6 cases are red in colour.
entailment	All 8 postcards are pink in colour.	Exactly 8 postcards are pink in colour.
entailment	All 7 watches are pink in colour.	Exactly 7 watches are pink in colour.
entailment	All 4 lipsticks are blue in colour.	Exactly 4 lipsticks are blue in colour.
entailment	All 2 laptops are brown in colour.	Exactly 2 laptops are brown in colour.
entailment	All 2 magazines are black in colour.	Exactly 2 magazines are black in colour.
entailment	All 6 identity cards are white in colour.	Exactly 6 identity cards are white in colour.
entailment	All 6 buttons are magenta in colour.	Exactly 6 buttons are magenta in colour.
entailment	All 2 mirrors are magenta in colour.	Exactly 2 mirrors are magenta in colour.
entailment	All 3 mobile phones are white in colour.	Exactly 3 mobile phones are white in colour.
entailment	All 2 diaries are pink in colour.	Exactly 2 diaries are pink in colour.
entailment	All 5 toothbrushes are black in colour.	Exactly 5 toothbrushes are black in colour.
entailment	All 2 batteries are yellow in colour.	Exactly 2 batteries are yellow in colour.
entailment	All 4 umbrellas are magenta in colour.	Exactly 4 umbrellas are magenta in colour.
entailment	All 9 bottles are maroon in colour.	Exactly 9 bottles are maroon in colour.
entailment	All 6 files are grey in colour.	Exactly 6 files are grey in colour.
entailment	All 6 scissors are magenta in colour.	Exactly 6 scissors are magenta in colour.
entailment	All 3 purses are grey in colour.	Exactly 3 purses are grey in colour.
entailment	All 3 alarm clocks are red in colour.	Exactly 3 alarm clocks are red in colour.
entailment	All 5 glasses are white in colour.	Exactly 5 glasses are white in colour.
entailment	All 8 wallets are black in colour.	Exactly 8 wallets are black in colour.
entailment	All 10 rubbers are crimson in colour.	Exactly 10 rubbers are crimson in colour.
entailment	All 10 cameras are blue in colour.	Exactly 10 cameras are blue in colour.
entailment	All 2 cars are grey in colour.	Exactly 2 cars are grey in colour.
entailment	All 6 bottles are white in colour.	Exactly 6 bottles are white in colour.
entailment	All 3 identity cards are green in colour.	Exactly 3 identity cards are green in colour.
entailment	All 10 cameras are red in colour.	Exactly 10 cameras are red in colour.
entailment	All 9 lipsticks are maroon in colour.	Exactly 9 lipsticks are maroon in colour.
entailment	All 6 diaries are grey in colour.	Exactly 6 diaries are grey in colour.
entailment	All 2 headphones are brown in colour.	Exactly 2 headphones are brown in colour.
entailment	All 7 umbrellas are crimson in colour.	Exactly 7 umbrellas are crimson in colour.
entailment	All 9 bottles are green in colour.	Exactly 9 bottles are green in colour.
entailment	All 6 stamps are blue in colour.	Exactly 6 stamps are blue in colour.
entailment	All 9 buttons are white in colour.	Exactly 9 buttons are white in colour.
entailment	All 4 laptops are yellow in colour.	Exactly 4 laptops are yellow in colour.
entailment	All 9 clips are brown in colour.	Exactly 9 clips are brown in colour.
entailment	All 4 diaries are yellow in colour.	Exactly 4 diaries are yellow in colour.
entailment	All 8 credit cards are maroon in colour.	Exactly 8 credit cards are maroon in colour.
entailment	All 8 lighters are crimson in colour.	Exactly 8 lighters are crimson in colour.
entailment	All 2 purses are purple in colour.	Exactly 2 purses are purple in colour.
entailment	All 3 coins are white in colour.	Exactly 3 coins are white in colour.
entailment	All 3 banknotes are black in colour.	Exactly 3 banknotes are black in colour.
entailment	All 6 tissues are pink in colour.	Exactly 6 tissues are pink in colour.
entailment	All 6 identity cards are pink in colour.	Exactly 6 identity cards are pink in colour.
entailment	All 9 scissors are yellow in colour.	Exactly 9 scissors are yellow in colour.
entailment	All 9 notebooks are yellow in colour.	Exactly 9 notebooks are yellow in colour.
entailment	All 4 mobile phones are black in colour.	Exactly 4 mobile phones are black in colour.
entailment	All 2 pens are crimson in colour.	Exactly 2 pens are crimson in colour.
entailment	All 10 brushes are red in colour.	Exactly 10 brushes are red in colour.
entailment	All 7 buttons are maroon in colour.	Exactly 7 buttons are maroon in colour.
entailment	All 10 pencils are maroon in colour.	Exactly 10 pencils are maroon in colour.
entailment	All 8 banknotes are brown in colour.	Exactly 8 banknotes are brown in colour.
entailment	All 6 coins are maroon in colour.	Exactly 6 coins are maroon in colour.
entailment	All 4 brushes are red in colour.	Exactly 4 brushes are red in colour.
entailment	All 9 brushes are white in colour.	Exactly 9 brushes are white in colour.
entailment	All 3 banknotes are white in colour.	Exactly 3 banknotes are white in colour.
entailment	All 4 matches are crimson in colour.	Exactly 4 matches are crimson in colour.
entailment	All 5 buttons are blue in colour.	Exactly 5 buttons are blue in colour.
entailment	All 4 bottles are green in colour.	Exactly 4 bottles are green in colour.
entailment	All 5 scissors are green in colour.	Exactly 5 scissors are green in colour.
entailment	All 6 clips are blue in colour.	Exactly 6 clips are blue in colour.
entailment	All 9 headphones are yellow in colour.	Exactly 9 headphones are yellow in colour.
entailment	All 3 cases are crimson in colour.	Exactly 3 cases are crimson in colour.
entailment	All 2 cigarettes are yellow in colour.	Exactly 2 cigarettes are yellow in colour.
entailment	All 3 identity cards are white in colour.	Exactly 3 identity cards are white in colour.
entailment	All 9 headphones are magenta in colour.	Exactly 9 headphones are magenta in colour.
entailment	All 9 players are purple in colour.	Exactly 9 players are purple in colour.
entailment	All 2 credit cards are maroon in colour.	Exactly 2 credit cards are maroon in colour.
entailment	All 3 combs are red in colour.	Exactly 3 combs are red in colour.
entailment	All 3 brushes are magenta in colour.	Exactly 3 brushes are magenta in colour.
entailment	All 4 watches are red in colour.	Exactly 4 watches are red in colour.
entailment	All 5 files are white in colour.	Exactly 5 files are white in colour.
entailment	All 10 dictionaries are green in colour.	Exactly 10 dictionaries are green in colour.
entailment	All 8 buttons are pink in colour.	Exactly 8 buttons are pink in colour.
entailment	All 8 cigarettes are red in colour.	Exactly 8 cigarettes are red in colour.
entailment	All 6 scissors are yellow in colour.	Exactly 6 scissors are yellow in colour.
entailment	All 10 tissues are crimson in colour.	Exactly 10 tissues are crimson in colour.
entailment	All 2 postcards are white in colour.	Exactly 2 postcards are white in colour.
entailment	All 6 magazines are black in colour.	Exactly 6 magazines are black in colour.
entailment	All 6 glasses are brown in colour.	Exactly 6 glasses are brown in colour.
entailment	All 8 identity cards are blue in colour.	Exactly 8 identity cards are blue in colour.
entailment	All 5 files are grey in colour.	Exactly 5 files are grey in colour.
entailment	All 9 cigarettes are red in colour.	Exactly 9 cigarettes are red in colour.
entailment	All 3 toothbrushes are grey in colour.	Exactly 3 toothbrushes are grey in colour.
entailment	All 7 notebooks are crimson in colour.	Exactly 7 notebooks are crimson in colour.
entailment	All 7 light bulbs are blue in colour.	Exactly 7 light bulbs are blue in colour.
entailment	All 3 lighters are pink in colour.	Exactly 3 lighters are pink in colour.
entailment	All 5 laptops are purple in colour.	Exactly 5 laptops are purple in colour.
entailment	All 3 laptops are purple in colour.	Exactly 3 laptops are purple in colour.
entailment	All 10 headphones are grey in colour.	Exactly 10 headphones are grey in colour.
entailment	All 8 cases are purple in colour.	Exactly 8 cases are purple in colour.
entailment	All 4 glasses are pink in colour.	Exactly 4 glasses are pink in colour.
entailment	All 3 lipsticks are magenta in colour.	Exactly 3 lipsticks are magenta in colour.
entailment	All 7 clips are red in colour.	Exactly 7 clips are red in colour.
entailment	All 9 cars are green in colour.	Exactly 9 cars are green in colour.
entailment	All 7 players are yellow in colour.	Exactly 7 players are yellow in colour.
entailment	All 9 buttons are grey in colour.	Exactly 9 buttons are grey in colour.
entailment	All 8 cigarettes are magenta in colour.	Exactly 8 cigarettes are magenta in colour.
entailment	All 2 mirrors are maroon in colour.	Exactly 2 mirrors are maroon in colour.
entailment	All 4 tissues are pink in colour.	Exactly 4 tissues are pink in colour.
entailment	All 7 laptops are red in colour.	Exactly 7 laptops are red in colour.
entailment	All 2 stamps are green in colour.	Exactly 2 stamps are green in colour.
entailment	All 7 laptops are red in colour.	Exactly 7 laptops are red in colour.
entailment	All 5 coins are black in colour.	Exactly 5 coins are black in colour.
entailment	All 2 photos are yellow in colour.	Exactly 2 photos are yellow in colour.
entailment	All 10 alarm clocks are green in colour.	Exactly 10 alarm clocks are green in colour.
entailment	All 4 postcards are purple in colour.	Exactly 4 postcards are purple in colour.
entailment	All 8 umbrellas are blue in colour.	Exactly 8 umbrellas are blue in colour.
entailment	All 3 postcards are crimson in colour.	Exactly 3 postcards are crimson in colour.
entailment	All 9 newspapers are crimson in colour.	Exactly 9 newspapers are crimson in colour.
entailment	All 2 mirrors are blue in colour.	Exactly 2 mirrors are blue in colour.
entailment	All 6 cases are purple in colour.	Exactly 6 cases are purple in colour.
entailment	All 8 headphones are white in colour.	Exactly 8 headphones are white in colour.
entailment	All 10 brushes are pink in colour.	Exactly 10 brushes are pink in colour.
entailment	All 8 files are green in colour.	Exactly 8 files are green in colour.
entailment	All 5 brushes are grey in colour.	Exactly 5 brushes are grey in colour.
entailment	All 2 purses are black in colour.	Exactly 2 purses are black in colour.
entailment	All 4 rubbers are yellow in colour.	Exactly 4 rubbers are yellow in colour.
entailment	All 9 stamps are purple in colour.	Exactly 9 stamps are purple in colour.
entailment	All 7 laptops are yellow in colour.	Exactly 7 laptops are yellow in colour.
entailment	All 5 pens are grey in colour.	Exactly 5 pens are grey in colour.
entailment	All 10 light bulbs are purple in colour.	Exactly 10 light bulbs are purple in colour.
entailment	All 5 mirrors are green in colour.	Exactly 5 mirrors are green in colour.
entailment	All 2 pens are magenta in colour.	Exactly 2 pens are magenta in colour.
entailment	All 6 wallets are maroon in colour.	Exactly 6 wallets are maroon in colour.
entailment	All 10 notebooks are grey in colour.	Exactly 10 notebooks are grey in colour.
entailment	All 4 coins are pink in colour.	Exactly 4 coins are pink in colour.
entailment	All 5 purses are maroon in colour.	Exactly 5 purses are maroon in colour.
entailment	All 6 dictionaries are blue in colour.	Exactly 6 dictionaries are blue in colour.
entailment	All 6 notebooks are black in colour.	Exactly 6 notebooks are black in colour.
entailment	All 9 cars are brown in colour.	Exactly 9 cars are brown in colour.
entailment	All 7 identity cards are pink in colour.	Exactly 7 identity cards are pink in colour.
entailment	All 10 cars are grey in colour.	Exactly 10 cars are grey in colour.
entailment	All 2 brushes are crimson in colour.	Exactly 2 brushes are crimson in colour.
entailment	All 9 light bulbs are pink in colour.	Exactly 9 light bulbs are pink in colour.
entailment	All 3 scissors are red in colour.	Exactly 3 scissors are red in colour.
entailment	All 3 newspapers are blue in colour.	Exactly 3 newspapers are blue in colour.
entailment	All 7 umbrellas are magenta in colour.	Exactly 7 umbrellas are magenta in colour.
entailment	All 9 newspapers are yellow in colour.	Exactly 9 newspapers are yellow in colour.
entailment	All 6 rubbers are blue in colour.	Exactly 6 rubbers are blue in colour.
entailment	All 3 light bulbs are crimson in colour.	Exactly 3 light bulbs are crimson in colour.
entailment	All 8 brushes are red in colour.	Exactly 8 brushes are red in colour.
entailment	All 6 players are grey in colour.	Exactly 6 players are grey in colour.
entailment	All 9 scissors are red in colour.	Exactly 9 scissors are red in colour.
entailment	All 9 players are black in colour.	Exactly 9 players are black in colour.
entailment	All 4 watches are crimson in colour.	Exactly 4 watches are crimson in colour.
entailment	All 2 clips are green in colour.	Exactly 2 clips are green in colour.
entailment	All 10 players are black in colour.	Exactly 10 players are black in colour.
entailment	All 8 banknotes are magenta in colour.	Exactly 8 banknotes are magenta in colour.
entailment	All 8 cars are green in colour.	Exactly 8 cars are green in colour.
entailment	All 10 matches are white in colour.	Exactly 10 matches are white in colour.
entailment	All 7 banknotes are crimson in colour.	Exactly 7 banknotes are crimson in colour.
entailment	All 7 newspapers are grey in colour.	Exactly 7 newspapers are grey in colour.
entailment	All 8 scissors are blue in colour.	Exactly 8 scissors are blue in colour.
entailment	All 4 identity cards are grey in colour.	Exactly 4 identity cards are grey in colour.
entailment	All 3 clips are maroon in colour.	Exactly 3 clips are maroon in colour.
entailment	All 5 pencils are purple in colour.	Exactly 5 pencils are purple in colour.
entailment	All 10 coins are green in colour.	Exactly 10 coins are green in colour.
entailment	All 5 cases are yellow in colour.	Exactly 5 cases are yellow in colour.
entailment	All 8 tissues are maroon in colour.	Exactly 8 tissues are maroon in colour.
entailment	All 3 lipsticks are blue in colour.	Exactly 3 lipsticks are blue in colour.
entailment	All 10 pencils are red in colour.	Exactly 10 pencils are red in colour.
entailment	All 2 bottles are black in colour.	Exactly 2 bottles are black in colour.
entailment	All 9 postcards are yellow in colour.	Exactly 9 postcards are yellow in colour.
entailment	All 7 dictionaries are magenta in colour.	Exactly 7 dictionaries are magenta in colour.
entailment	All 5 clips are magenta in colour.	Exactly 5 clips are magenta in colour.
entailment	All 8 scissors are yellow in colour.	Exactly 8 scissors are yellow in colour.
entailment	All 10 brushes are grey in colour.	Exactly 10 brushes are grey in colour.
entailment	All 2 notebooks are pink in colour.	Exactly 2 notebooks are pink in colour.
entailment	All 8 postcards are maroon in colour.	Exactly 8 postcards are maroon in colour.
entailment	All 8 glasses are brown in colour.	Exactly 8 glasses are brown in colour.
entailment	All 9 rubbers are maroon in colour.	Exactly 9 rubbers are maroon in colour.
entailment	All 4 magazines are brown in colour.	Exactly 4 magazines are brown in colour.
entailment	All 6 photos are purple in colour.	Exactly 6 photos are purple in colour.
entailment	All 10 banknotes are white in colour.	Exactly 10 banknotes are white in colour.
entailment	All 6 tissues are purple in colour.	Exactly 6 tissues are purple in colour.
entailment	All 8 toothbrushes are black in colour.	Exactly 8 toothbrushes are black in colour.
entailment	All 7 cases are brown in colour.	Exactly 7 cases are brown in colour.
entailment	All 5 watches are maroon in colour.	Exactly 5 watches are maroon in colour.
entailment	All 7 mirrors are black in colour.	Exactly 7 mirrors are black in colour.
entailment	All 5 credit cards are brown in colour.	Exactly 5 credit cards are brown in colour.
entailment	All 2 clips are yellow in colour.	Exactly 2 clips are yellow in colour.
entailment	All 2 postcards are brown in colour.	Exactly 2 postcards are brown in colour.
entailment	All 9 rubbers are crimson in colour.	Exactly 9 rubbers are crimson in colour.
entailment	All 2 tissues are red in colour.	Exactly 2 tissues are red in colour.
entailment	All 3 light bulbs are crimson in colour.	Exactly 3 light bulbs are crimson in colour.
entailment	All 7 newspapers are maroon in colour.	Exactly 7 newspapers are maroon in colour.
entailment	All 4 combs are black in colour.	Exactly 4 combs are black in colour.
entailment	All 8 pens are magenta in colour.	Exactly 8 pens are magenta in colour.
entailment	All 6 batteries are magenta in colour.	Exactly 6 batteries are magenta in colour.
entailment	All 7 lipsticks are maroon in colour.	Exactly 7 lipsticks are maroon in colour.
entailment	All 3 credit cards are purple in colour.	Exactly 3 credit cards are purple in colour.
entailment	All 4 buttons are grey in colour.	Exactly 4 buttons are grey in colour.
entailment	All 6 lipsticks are white in colour.	Exactly 6 lipsticks are white in colour.
entailment	All 6 scissors are red in colour.	Exactly 6 scissors are red in colour.
entailment	All 4 purses are crimson in colour.	Exactly 4 purses are crimson in colour.
entailment	All 6 notebooks are yellow in colour.	Exactly 6 notebooks are yellow in colour.
entailment	All 6 headphones are red in colour.	Exactly 6 headphones are red in colour.
entailment	All 9 glasses are maroon in colour.	Exactly 9 glasses are maroon in colour.
entailment	All 8 matches are grey in colour.	Exactly 8 matches are grey in colour.
entailment	All 5 purses are grey in colour.	Exactly 5 purses are grey in colour.
entailment	All 10 magazines are maroon in colour.	Exactly 10 magazines are maroon in colour.
entailment	All 6 dictionaries are yellow in colour.	Exactly 6 dictionaries are yellow in colour.
entailment	All 5 batteries are white in colour.	Exactly 5 batteries are white in colour.
entailment	All 5 clips are black in colour.	Exactly 5 clips are black in colour.
entailment	All 6 lighters are magenta in colour.	Exactly 6 lighters are magenta in colour.
entailment	All 8 pens are brown in colour.	Exactly 8 pens are brown in colour.
entailment	All 5 players are pink in colour.	Exactly 5 players are pink in colour.
entailment	All 7 brushes are brown in colour.	Exactly 7 brushes are brown in colour.
entailment	All 7 lighters are white in colour.	Exactly 7 lighters are white in colour.
entailment	All 7 toothbrushes are pink in colour.	Exactly 7 toothbrushes are pink in colour.
entailment	All 2 glasses are black in colour.	Exactly 2 glasses are black in colour.
entailment	All 5 toothbrushes are magenta in colour.	Exactly 5 toothbrushes are magenta in colour.
entailment	All 3 matches are crimson in colour.	Exactly 3 matches are crimson in colour.
entailment	All 6 combs are yellow in colour.	Exactly 6 combs are yellow in colour.
entailment	All 5 combs are red in colour.	Exactly 5 combs are red in colour.
entailment	All 5 matches are grey in colour.	Exactly 5 matches are grey in colour.
entailment	All 7 photos are crimson in colour.	Exactly 7 photos are crimson in colour.
entailment	All 10 players are pink in colour.	Exactly 10 players are pink in colour.
entailment	All 7 magazines are grey in colour.	Exactly 7 magazines are grey in colour.
entailment	All 10 glasses are yellow in colour.	Exactly 10 glasses are yellow in colour.
entailment	All 10 rubbers are yellow in colour.	Exactly 10 rubbers are yellow in colour.
entailment	All 2 scissors are brown in colour.	Exactly 2 scissors are brown in colour.
entailment	All 5 headphones are pink in colour.	Exactly 5 headphones are pink in colour.
entailment	All 2 coins are yellow in colour.	Exactly 2 coins are yellow in colour.
entailment	All 4 alarm clocks are red in colour.	Exactly 4 alarm clocks are red in colour.
entailment	All 2 dictionaries are magenta in colour.	Exactly 2 dictionaries are magenta in colour.
entailment	All 9 umbrellas are green in colour.	Exactly 9 umbrellas are green in colour.
entailment	All 3 scissors are blue in colour.	Exactly 3 scissors are blue in colour.
entailment	All 5 cigarettes are magenta in colour.	Exactly 5 cigarettes are magenta in colour.
entailment	All 5 photos are magenta in colour.	Exactly 5 photos are magenta in colour.
entailment	All 6 identity cards are white in colour.	Exactly 6 identity cards are white in colour.
entailment	All 8 lipsticks are grey in colour.	Exactly 8 lipsticks are grey in colour.
entailment	All 5 light bulbs are maroon in colour.	Exactly 5 light bulbs are maroon in colour.
entailment	All 5 rubbers are black in colour.	Exactly 5 rubbers are black in colour.
entailment	All 10 cigarettes are white in colour.	Exactly 10 cigarettes are white in colour.
entailment	All 10 photos are red in colour.	Exactly 10 photos are red in colour.
entailment	All 2 credit cards are maroon in colour.	Exactly 2 credit cards are maroon in colour.
entailment	All 6 mirrors are yellow in colour.	Exactly 6 mirrors are yellow in colour.
entailment	All 10 banknotes are white in colour.	Exactly 10 banknotes are white in colour.
entailment	All 10 glasses are yellow in colour.	Exactly 10 glasses are yellow in colour.
entailment	All 3 rubbers are crimson in colour.	Exactly 3 rubbers are crimson in colour.
entailment	All 2 combs are blue in colour.	Exactly 2 combs are blue in colour.
entailment	All 5 credit cards are brown in colour.	Exactly 5 credit cards are brown in colour.
entailment	All 7 matches are yellow in colour.	Exactly 7 matches are yellow in colour.
entailment	All 2 pens are yellow in colour.	Exactly 2 pens are yellow in colour.
entailment	All 4 magazines are purple in colour.	Exactly 4 magazines are purple in colour.
entailment	All 2 identity cards are magenta in colour.	Exactly 2 identity cards are magenta in colour.
entailment	All 4 identity cards are crimson in colour.	Exactly 4 identity cards are crimson in colour.
entailment	All 3 purses are yellow in colour.	Exactly 3 purses are yellow in colour.
entailment	All 3 cases are red in colour.	Exactly 3 cases are red in colour.
entailment	All 5 clips are red in colour.	Exactly 5 clips are red in colour.
entailment	All 9 watches are purple in colour.	Exactly 9 watches are purple in colour.
entailment	All 7 light bulbs are grey in colour.	Exactly 7 light bulbs are grey in colour.
entailment	All 7 diaries are maroon in colour.	Exactly 7 diaries are maroon in colour.
entailment	All 10 lipsticks are crimson in colour.	Exactly 10 lipsticks are crimson in colour.
entailment	All 6 cameras are grey in colour.	Exactly 6 cameras are grey in colour.
entailment	All 4 watches are purple in colour.	Exactly 4 watches are purple in colour.
entailment	All 5 bottles are yellow in colour.	Exactly 5 bottles are yellow in colour.
entailment	All 8 files are black in colour.	Exactly 8 files are black in colour.
entailment	All 6 cigarettes are magenta in colour.	Exactly 6 cigarettes are magenta in colour.
entailment	All 6 light bulbs are magenta in colour.	Exactly 6 light bulbs are magenta in colour.
entailment	All 2 dictionaries are magenta in colour.	Exactly 2 dictionaries are magenta in colour.
entailment	All 8 toothbrushes are yellow in colour.	Exactly 8 toothbrushes are yellow in colour.
entailment	All 8 purses are blue in colour.	Exactly 8 purses are blue in colour.
entailment	All 3 laptops are maroon in colour.	Exactly 3 laptops are maroon in colour.
entailment	All 9 cigarettes are magenta in colour.	Exactly 9 cigarettes are magenta in colour.
entailment	All 9 pencils are white in colour.	Exactly 9 pencils are white in colour.
entailment	All 6 mobile phones are green in colour.	Exactly 6 mobile phones are green in colour.
entailment	All 4 mirrors are purple in colour.	Exactly 4 mirrors are purple in colour.
entailment	All 5 stamps are maroon in colour.	Exactly 5 stamps are maroon in colour.
entailment	All 6 files are magenta in colour.	Exactly 6 files are magenta in colour.
entailment	All 8 notebooks are grey in colour.	Exactly 8 notebooks are grey in colour.
entailment	All 2 coins are brown in colour.	Exactly 2 coins are brown in colour.
entailment	All 10 mirrors are blue in colour.	Exactly 10 mirrors are blue in colour.
entailment	All 5 buttons are black in colour.	Exactly 5 buttons are black in colour.
entailment	All 6 coins are purple in colour.	Exactly 6 coins are purple in colour.
entailment	All 8 laptops are black in colour.	Exactly 8 laptops are black in colour.
entailment	All 3 lighters are maroon in colour.	Exactly 3 lighters are maroon in colour.
entailment	All 9 mobile phones are brown in colour.	Exactly 9 mobile phones are brown in colour.
entailment	All 5 stamps are crimson in colour.	Exactly 5 stamps are crimson in colour.
entailment	All 6 notebooks are crimson in colour.	Exactly 6 notebooks are crimson in colour.
entailment	All 5 cameras are yellow in colour.	Exactly 5 cameras are yellow in colour.
entailment	All 4 stamps are white in colour.	Exactly 4 stamps are white in colour.
entailment	All 9 brushes are magenta in colour.	Exactly 9 brushes are magenta in colour.
entailment	All 7 scissors are purple in colour.	Exactly 7 scissors are purple in colour.
entailment	All 2 brushes are brown in colour.	Exactly 2 brushes are brown in colour.
entailment	All 6 cases are brown in colour.	Exactly 6 cases are brown in colour.
entailment	All 3 laptops are grey in colour.	Exactly 3 laptops are grey in colour.
entailment	All 9 alarm clocks are red in colour.	Exactly 9 alarm clocks are red in colour.
entailment	All 9 scissors are maroon in colour.	Exactly 9 scissors are maroon in colour.
entailment	All 4 dictionaries are green in colour.	Exactly 4 dictionaries are green in colour.
entailment	All 9 scissors are grey in colour.	Exactly 9 scissors are grey in colour.
entailment	All 8 purses are black in colour.	Exactly 8 purses are black in colour.
entailment	All 5 photos are white in colour.	Exactly 5 photos are white in colour.
entailment	All 3 buttons are maroon in colour.	Exactly 3 buttons are maroon in colour.
entailment	All 7 mirrors are crimson in colour.	Exactly 7 mirrors are crimson in colour.
entailment	All 2 files are blue in colour.	Exactly 2 files are blue in colour.
entailment	All 5 batteries are yellow in colour.	Exactly 5 batteries are yellow in colour.
entailment	All 10 brushes are grey in colour.	Exactly 10 brushes are grey in colour.
entailment	All 6 batteries are blue in colour.	Exactly 6 batteries are blue in colour.
entailment	All 3 cases are yellow in colour.	Exactly 3 cases are yellow in colour.
entailment	All 4 stamps are red in colour.	Exactly 4 stamps are red in colour.
entailment	All 5 cars are green in colour.	Exactly 5 cars are green in colour.
entailment	All 9 headphones are white in colour.	Exactly 9 headphones are white in colour.
entailment	All 5 matches are red in colour.	Exactly 5 matches are red in colour.
entailment	All 2 diaries are green in colour.	Exactly 2 diaries are green in colour.
entailment	All 8 matches are crimson in colour.	Exactly 8 matches are crimson in colour.
entailment	All 5 magazines are maroon in colour.	Exactly 5 magazines are maroon in colour.
entailment	All 4 mirrors are green in colour.	Exactly 4 mirrors are green in colour.
entailment	All 6 stamps are yellow in colour.	Exactly 6 stamps are yellow in colour.
entailment	All 7 diaries are crimson in colour.	Exactly 7 diaries are crimson in colour.
entailment	All 8 headphones are blue in colour.	Exactly 8 headphones are blue in colour.
entailment	All 10 notebooks are black in colour.	Exactly 10 notebooks are black in colour.
entailment	All 4 laptops are crimson in colour.	Exactly 4 laptops are crimson in colour.
entailment	All 6 mobile phones are pink in colour.	Exactly 6 mobile phones are pink in colour.
entailment	All 7 brushes are blue in colour.	Exactly 7 brushes are blue in colour.
entailment	All 5 players are black in colour.	Exactly 5 players are black in colour.
entailment	All 3 pens are magenta in colour.	Exactly 3 pens are magenta in colour.
entailment	All 6 banknotes are pink in colour.	Exactly 6 banknotes are pink in colour.
entailment	All 4 rubbers are black in colour.	Exactly 4 rubbers are black in colour.
entailment	All 6 diaries are green in colour.	Exactly 6 diaries are green in colour.
entailment	All 7 laptops are brown in colour.	Exactly 7 laptops are brown in colour.
entailment	All 9 matches are crimson in colour.	Exactly 9 matches are crimson in colour.
entailment	All 3 lighters are purple in colour.	Exactly 3 lighters are purple in colour.
entailment	All 9 lipsticks are magenta in colour.	Exactly 9 lipsticks are magenta in colour.
entailment	All 2 alarm clocks are brown in colour.	Exactly 2 alarm clocks are brown in colour.
entailment	All 5 cigarettes are green in colour.	Exactly 5 cigarettes are green in colour.
entailment	All 6 laptops are pink in colour.	Exactly 6 laptops are pink in colour.
entailment	All 10 bottles are crimson in colour.	Exactly 10 bottles are crimson in colour.
entailment	All 3 postcards are yellow in colour.	Exactly 3 postcards are yellow in colour.
entailment	All 2 batteries are green in colour.	Exactly 2 batteries are green in colour.
entailment	All 2 pens are black in colour.	Exactly 2 pens are black in colour.
entailment	All 6 umbrellas are brown in colour.	Exactly 6 umbrellas are brown in colour.
entailment	All 4 rubbers are yellow in colour.	Exactly 4 rubbers are yellow in colour.
entailment	All 5 clips are white in colour.	Exactly 5 clips are white in colour.
entailment	All 7 notebooks are blue in colour.	Exactly 7 notebooks are blue in colour.
entailment	All 5 matches are blue in colour.	Exactly 5 matches are blue in colour.
entailment	All 2 banknotes are black in colour.	Exactly 2 banknotes are black in colour.
entailment	All 2 batteries are white in colour.	Exactly 2 batteries are white in colour.
entailment	All 3 pencils are white in colour.	Exactly 3 pencils are white in colour.
entailment	All 5 lighters are crimson in colour.	Exactly 5 lighters are crimson in colour.
entailment	All 10 clips are purple in colour.	Exactly 10 clips are purple in colour.
entailment	All 9 glasses are maroon in colour.	Exactly 9 glasses are maroon in colour.
entailment	All 7 photos are green in colour.	Exactly 7 photos are green in colour.
entailment	All 8 bottles are yellow in colour.	Exactly 8 bottles are yellow in colour.
entailment	All 3 cigarettes are purple in colour.	Exactly 3 cigarettes are purple in colour.
entailment	All 6 postcards are red in colour.	Exactly 6 postcards are red in colour.
entailment	All 5 wallets are maroon in colour.	Exactly 5 wallets are maroon in colour.
entailment	All 8 headphones are brown in colour.	Exactly 8 headphones are brown in colour.
entailment	All 5 tissues are magenta in colour.	Exactly 5 tissues are magenta in colour.
entailment	All 2 brushes are red in colour.	Exactly 2 brushes are red in colour.
entailment	All 2 clips are blue in colour.	Exactly 2 clips are blue in colour.
entailment	All 2 coins are purple in colour.	Exactly 2 coins are purple in colour.
entailment	All 8 brushes are brown in colour.	Exactly 8 brushes are brown in colour.
entailment	All 6 matches are crimson in colour.	Exactly 6 matches are crimson in colour.
entailment	All 5 matches are blue in colour.	Exactly 5 matches are blue in colour.
entailment	All 9 newspapers are pink in colour.	Exactly 9 newspapers are pink in colour.
entailment	All 10 pens are blue in colour.	Exactly 10 pens are blue in colour.
entailment	All 7 postcards are grey in colour.	Exactly 7 postcards are grey in colour.
entailment	All 9 headphones are purple in colour.	Exactly 9 headphones are purple in colour.
entailment	All 5 tissues are maroon in colour.	Exactly 5 tissues are maroon in colour.
entailment	All 3 buttons are purple in colour.	Exactly 3 buttons are purple in colour.
entailment	All 2 batteries are crimson in colour.	Exactly 2 batteries are crimson in colour.
entailment	All 6 clips are black in colour.	Exactly 6 clips are black in colour.
entailment	All 8 mirrors are brown in colour.	Exactly 8 mirrors are brown in colour.
entailment	All 8 postcards are magenta in colour.	Exactly 8 postcards are magenta in colour.
entailment	All 4 dictionaries are brown in colour.	Exactly 4 dictionaries are brown in colour.
entailment	All 4 glasses are yellow in colour.	Exactly 4 glasses are yellow in colour.
entailment	All 3 coins are red in colour.	Exactly 3 coins are red in colour.
entailment	All 6 buttons are green in colour.	Exactly 6 buttons are green in colour.
entailment	All 3 headphones are green in colour.	Exactly 3 headphones are green in colour.
entailment	All 2 combs are purple in colour.	Exactly 2 combs are purple in colour.
entailment	All 3 cars are grey in colour.	Exactly 3 cars are grey in colour.
entailment	All 4 brushes are red in colour.	Exactly 4 brushes are red in colour.
entailment	All 6 dictionaries are grey in colour.	Exactly 6 dictionaries are grey in colour.
entailment	All 7 laptops are brown in colour.	Exactly 7 laptops are brown in colour.
entailment	All 9 pens are purple in colour.	Exactly 9 pens are purple in colour.
entailment	All 8 banknotes are green in colour.	Exactly 8 banknotes are green in colour.
entailment	All 4 toothbrushes are pink in colour.	Exactly 4 toothbrushes are pink in colour.
entailment	All 4 postcards are black in colour.	Exactly 4 postcards are black in colour.
entailment	All 4 notebooks are brown in colour.	Exactly 4 notebooks are brown in colour.
entailment	All 10 coins are pink in colour.	Exactly 10 coins are pink in colour.
entailment	All 10 credit cards are magenta in colour.	Exactly 10 credit cards are magenta in colour.
entailment	All 5 headphones are grey in colour.	Exactly 5 headphones are grey in colour.
entailment	All 5 files are crimson in colour.	Exactly 5 files are crimson in colour.
entailment	All 6 glasses are magenta in colour.	Exactly 6 glasses are magenta in colour.
entailment	All 5 postcards are grey in colour.	Exactly 5 postcards are grey in colour.
entailment	All 4 notebooks are grey in colour.	Exactly 4 notebooks are grey in colour.
entailment	All 10 toothbrushes are white in colour.	Exactly 10 toothbrushes are white in colour.
entailment	All 5 headphones are maroon in colour.	Exactly 5 headphones are maroon in colour.
entailment	All 7 lighters are green in colour.	Exactly 7 lighters are green in colour.
entailment	All 3 watches are maroon in colour.	Exactly 3 watches are maroon in colour.
entailment	All 8 mirrors are pink in colour.	Exactly 8 mirrors are pink in colour.
entailment	All 9 banknotes are green in colour.	Exactly 9 banknotes are green in colour.
entailment	All 9 pens are crimson in colour.	Exactly 9 pens are crimson in colour.
entailment	All 3 laptops are purple in colour.	Exactly 3 laptops are purple in colour.
entailment	All 10 cars are blue in colour.	Exactly 10 cars are blue in colour.
entailment	All 6 clips are crimson in colour.	Exactly 6 clips are crimson in colour.
entailment	All 9 lighters are black in colour.	Exactly 9 lighters are black in colour.
entailment	All 3 wallets are blue in colour.	Exactly 3 wallets are blue in colour.
entailment	All 9 diaries are pink in colour.	Exactly 9 diaries are pink in colour.
entailment	All 2 mobile phones are maroon in colour.	Exactly 2 mobile phones are maroon in colour.
entailment	All 4 laptops are purple in colour.	Exactly 4 laptops are purple in colour.
entailment	All 4 toothbrushes are pink in colour.	Exactly 4 toothbrushes are pink in colour.
entailment	All 4 dictionaries are purple in colour.	Exactly 4 dictionaries are purple in colour.
entailment	All 9 scissors are maroon in colour.	Exactly 9 scissors are maroon in colour.
entailment	All 7 players are maroon in colour.	Exactly 7 players are maroon in colour.
entailment	All 7 players are blue in colour.	Exactly 7 players are blue in colour.
entailment	All 5 credit cards are black in colour.	Exactly 5 credit cards are black in colour.
entailment	All 2 identity cards are red in colour.	Exactly 2 identity cards are red in colour.
entailment	All 9 laptops are green in colour.	Exactly 9 laptops are green in colour.
entailment	All 9 cars are crimson in colour.	Exactly 9 cars are crimson in colour.
entailment	All 7 brushes are magenta in colour.	Exactly 7 brushes are magenta in colour.
entailment	All 9 lighters are brown in colour.	Exactly 9 lighters are brown in colour.
entailment	All 5 files are magenta in colour.	Exactly 5 files are magenta in colour.
entailment	All 9 cameras are white in colour.	Exactly 9 cameras are white in colour.
entailment	All 9 mirrors are white in colour.	Exactly 9 mirrors are white in colour.
entailment	All 8 brushes are purple in colour.	Exactly 8 brushes are purple in colour.
entailment	All 2 combs are maroon in colour.	Exactly 2 combs are maroon in colour.
entailment	All 8 pens are pink in colour.	Exactly 8 pens are pink in colour.
entailment	All 2 glasses are maroon in colour.	Exactly 2 glasses are maroon in colour.
entailment	All 4 brushes are maroon in colour.	Exactly 4 brushes are maroon in colour.
entailment	All 5 mobile phones are pink in colour.	Exactly 5 mobile phones are pink in colour.
entailment	All 4 laptops are crimson in colour.	Exactly 4 laptops are crimson in colour.
entailment	All 3 alarm clocks are grey in colour.	Exactly 3 alarm clocks are grey in colour.
entailment	All 4 credit cards are purple in colour.	Exactly 4 credit cards are purple in colour.
entailment	All 4 notebooks are maroon in colour.	Exactly 4 notebooks are maroon in colour.
entailment	All 3 files are brown in colour.	Exactly 3 files are brown in colour.
entailment	All 10 glasses are red in colour.	Exactly 10 glasses are red in colour.
entailment	All 8 buttons are crimson in colour.	Exactly 8 buttons are crimson in colour.
entailment	All 9 cases are grey in colour.	Exactly 9 cases are grey in colour.
entailment	All 7 newspapers are grey in colour.	Exactly 7 newspapers are grey in colour.
entailment	All 10 magazines are grey in colour.	Exactly 10 magazines are grey in colour.
entailment	All 2 pens are purple in colour.	Exactly 2 pens are purple in colour.
entailment	All 2 cameras are red in colour.	Exactly 2 cameras are red in colour.
entailment	All 6 cameras are pink in colour.	Exactly 6 cameras are pink in colour.
entailment	All 8 batteries are magenta in colour.	Exactly 8 batteries are magenta in colour.
entailment	All 10 clips are magenta in colour.	Exactly 10 clips are magenta in colour.
entailment	All 8 photos are purple in colour.	Exactly 8 photos are purple in colour.
entailment	All 10 batteries are grey in colour.	Exactly 10 batteries are grey in colour.
entailment	All 8 combs are white in colour.	Exactly 8 combs are white in colour.
entailment	All 4 headphones are red in colour.	Exactly 4 headphones are red in colour.
entailment	All 3 brushes are red in colour.	Exactly 3 brushes are red in colour.
entailment	All 8 toothbrushes are grey in colour.	Exactly 8 toothbrushes are grey in colour.
entailment	All 6 dictionaries are yellow in colour.	Exactly 6 dictionaries are yellow in colour.
entailment	All 4 cases are green in colour.	Exactly 4 cases are green in colour.
entailment	All 4 mirrors are yellow in colour.	Exactly 4 mirrors are yellow in colour.
entailment	All 5 watches are purple in colour.	Exactly 5 watches are purple in colour.
entailment	All 8 bottles are pink in colour.	Exactly 8 bottles are pink in colour.
entailment	All 4 pencils are brown in colour.	Exactly 4 pencils are brown in colour.
entailment	All 3 batteries are crimson in colour.	Exactly 3 batteries are crimson in colour.
entailment	All 4 matches are green in colour.	Exactly 4 matches are green in colour.
entailment	All 2 umbrellas are magenta in colour.	Exactly 2 umbrellas are magenta in colour.
entailment	All 2 glasses are crimson in colour.	Exactly 2 glasses are crimson in colour.
entailment	All 3 toothbrushes are yellow in colour.	Exactly 3 toothbrushes are yellow in colour.
entailment	All 9 coins are blue in colour.	Exactly 9 coins are blue in colour.
entailment	All 10 tissues are white in colour.	Exactly 10 tissues are white in colour.
entailment	All 10 watches are yellow in colour.	Exactly 10 watches are yellow in colour.
entailment	All 4 mobile phones are red in colour.	Exactly 4 mobile phones are red in colour.
entailment	All 5 mirrors are blue in colour.	Exactly 5 mirrors are blue in colour.
entailment	All 6 files are grey in colour.	Exactly 6 files are grey in colour.
entailment	All 9 banknotes are pink in colour.	Exactly 9 banknotes are pink in colour.
entailment	All 6 lighters are maroon in colour.	Exactly 6 lighters are maroon in colour.
entailment	All 4 glasses are crimson in colour.	Exactly 4 glasses are crimson in colour.
entailment	All 10 credit cards are maroon in colour.	Exactly 10 credit cards are maroon in colour.
entailment	All 8 alarm clocks are blue in colour.	Exactly 8 alarm clocks are blue in colour.
entailment	All 10 cameras are pink in colour.	Exactly 10 cameras are pink in colour.
entailment	All 10 photos are red in colour.	Exactly 10 photos are red in colour.
entailment	All 4 cases are magenta in colour.	Exactly 4 cases are magenta in colour.
entailment	All 10 players are green in colour.	Exactly 10 players are green in colour.
entailment	All 2 stamps are red in colour.	Exactly 2 stamps are red in colour.
entailment	All 5 purses are grey in colour.	Exactly 5 purses are grey in colour.
entailment	All 9 banknotes are purple in colour.	Exactly 9 banknotes are purple in colour.
entailment	All 2 buttons are green in colour.	Exactly 2 buttons are green in colour.
entailment	All 8 clips are yellow in colour.	Exactly 8 clips are yellow in colour.
entailment	All 6 dictionaries are magenta in colour.	Exactly 6 dictionaries are magenta in colour.
entailment	All 5 mobile phones are green in colour.	Exactly 5 mobile phones are green in colour.
entailment	All 2 buttons are crimson in colour.	Exactly 2 buttons are crimson in colour.
entailment	All 3 mirrors are magenta in colour.	Exactly 3 mirrors are magenta in colour.
entailment	All 2 diaries are yellow in colour.	Exactly 2 diaries are yellow in colour.
entailment	All 8 clips are pink in colour.	Exactly 8 clips are pink in colour.
entailment	All 6 lipsticks are grey in colour.	Exactly 6 lipsticks are grey in colour.
entailment	All 8 buttons are pink in colour.	Exactly 8 buttons are pink in colour.
entailment	All 6 identity cards are purple in colour.	Exactly 6 identity cards are purple in colour.
entailment	All 9 tissues are blue in colour.	Exactly 9 tissues are blue in colour.
entailment	All 8 bottles are green in colour.	Exactly 8 bottles are green in colour.
entailment	All 6 tissues are blue in colour.	Exactly 6 tissues are blue in colour.
entailment	All 2 alarm clocks are brown in colour.	Exactly 2 alarm clocks are brown in colour.
entailment	All 10 cigarettes are crimson in colour.	Exactly 10 cigarettes are crimson in colour.
entailment	All 7 pens are pink in colour.	Exactly 7 pens are pink in colour.
entailment	All 9 alarm clocks are grey in colour.	Exactly 9 alarm clocks are grey in colour.
entailment	All 2 stamps are red in colour.	Exactly 2 stamps are red in colour.
entailment	All 2 matches are yellow in colour.	Exactly 2 matches are yellow in colour.
entailment	All 9 wallets are grey in colour.	Exactly 9 wallets are grey in colour.
entailment	All 8 diaries are grey in colour.	Exactly 8 diaries are grey in colour.
entailment	All 7 newspapers are blue in colour.	Exactly 7 newspapers are blue in colour.
entailment	All 2 bottles are brown in colour.	Exactly 2 bottles are brown in colour.
entailment	All 3 toothbrushes are grey in colour.	Exactly 3 toothbrushes are grey in colour.
entailment	All 8 headphones are white in colour.	Exactly 8 headphones are white in colour.
entailment	All 5 notebooks are green in colour.	Exactly 5 notebooks are green in colour.
entailment	All 4 cigarettes are grey in colour.	Exactly 4 cigarettes are grey in colour.
entailment	All 8 dictionaries are red in colour.	Exactly 8 dictionaries are red in colour.
entailment	All 3 purses are yellow in colour.	Exactly 3 purses are yellow in colour.
entailment	All 3 umbrellas are purple in colour.	Exactly 3 umbrellas are purple in colour.
entailment	All 9 files are red in colour.	Exactly 9 files are red in colour.
entailment	All 7 batteries are pink in colour.	Exactly 7 batteries are pink in colour.
entailment	All 9 batteries are red in colour.	Exactly 9 batteries are red in colour.
entailment	All 10 banknotes are maroon in colour.	Exactly 10 banknotes are maroon in colour.
entailment	All 10 glasses are crimson in colour.	Exactly 10 glasses are crimson in colour.
entailment	All 5 toothbrushes are pink in colour.	Exactly 5 toothbrushes are pink in colour.
entailment	All 8 toothbrushes are crimson in colour.	Exactly 8 toothbrushes are crimson in colour.
entailment	All 9 clips are purple in colour.	Exactly 9 clips are purple in colour.
entailment	All 2 wallets are brown in colour.	Exactly 2 wallets are brown in colour.
entailment	All 9 cigarettes are red in colour.	Exactly 9 cigarettes are red in colour.
entailment	All 7 pencils are red in colour.	Exactly 7 pencils are red in colour.
entailment	All 6 tissues are blue in colour.	Exactly 6 tissues are blue in colour.
entailment	All 3 watches are brown in colour.	Exactly 3 watches are brown in colour.
entailment	All 3 tissues are crimson in colour.	Exactly 3 tissues are crimson in colour.
entailment	All 6 headphones are green in colour.	Exactly 6 headphones are green in colour.
entailment	All 10 coins are yellow in colour.	Exactly 10 coins are yellow in colour.
entailment	All 4 batteries are white in colour.	Exactly 4 batteries are white in colour.
entailment	All 4 batteries are magenta in colour.	Exactly 4 batteries are magenta in colour.
entailment	All 6 alarm clocks are grey in colour.	Exactly 6 alarm clocks are grey in colour.
entailment	All 3 combs are purple in colour.	Exactly 3 combs are purple in colour.
entailment	All 6 wallets are maroon in colour.	Exactly 6 wallets are maroon in colour.
entailment	All 4 umbrellas are maroon in colour.	Exactly 4 umbrellas are maroon in colour.
entailment	All 7 cigarettes are yellow in colour.	Exactly 7 cigarettes are yellow in colour.
entailment	All 4 headphones are purple in colour.	Exactly 4 headphones are purple in colour.
entailment	All 3 light bulbs are yellow in colour.	Exactly 3 light bulbs are yellow in colour.
entailment	All 7 mirrors are yellow in colour.	Exactly 7 mirrors are yellow in colour.
entailment	All 4 mirrors are white in colour.	Exactly 4 mirrors are white in colour.
entailment	All 9 alarm clocks are purple in colour.	Exactly 9 alarm clocks are purple in colour.
entailment	All 9 tissues are black in colour.	Exactly 9 tissues are black in colour.
entailment	All 3 mobile phones are yellow in colour.	Exactly 3 mobile phones are yellow in colour.
entailment	All 9 magazines are pink in colour.	Exactly 9 magazines are pink in colour.
entailment	All 5 files are purple in colour.	Exactly 5 files are purple in colour.
entailment	All 4 laptops are yellow in colour.	Exactly 4 laptops are yellow in colour.
entailment	All 2 matches are green in colour.	Exactly 2 matches are green in colour.
entailment	All 6 files are yellow in colour.	Exactly 6 files are yellow in colour.
entailment	All 10 banknotes are purple in colour.	Exactly 10 banknotes are purple in colour.
entailment	All 6 matches are magenta in colour.	Exactly 6 matches are magenta in colour.
entailment	All 5 glasses are white in colour.	Exactly 5 glasses are white in colour.
entailment	All 3 toothbrushes are white in colour.	Exactly 3 toothbrushes are white in colour.
entailment	All 4 batteries are green in colour.	Exactly 4 batteries are green in colour.
entailment	All 10 clips are pink in colour.	Exactly 10 clips are pink in colour.
entailment	All 2 rubbers are crimson in colour.	Exactly 2 rubbers are crimson in colour.
entailment	All 3 light bulbs are magenta in colour.	Exactly 3 light bulbs are magenta in colour.
entailment	All 3 notebooks are magenta in colour.	Exactly 3 notebooks are magenta in colour.
entailment	All 5 lipsticks are crimson in colour.	Exactly 5 lipsticks are crimson in colour.
entailment	All 10 headphones are white in colour.	Exactly 10 headphones are white in colour.
entailment	All 3 dictionaries are grey in colour.	Exactly 3 dictionaries are grey in colour.
entailment	All 7 scissors are red in colour.	Exactly 7 scissors are red in colour.
entailment	All 9 matches are purple in colour.	Exactly 9 matches are purple in colour.
entailment	All 10 clips are pink in colour.	Exactly 10 clips are pink in colour.
entailment	All 7 laptops are pink in colour.	Exactly 7 laptops are pink in colour.
entailment	All 6 watches are crimson in colour.	Exactly 6 watches are crimson in colour.
entailment	All 3 bottles are green in colour.	Exactly 3 bottles are green in colour.
entailment	All 4 players are white in colour.	Exactly 4 players are white in colour.
entailment	All 4 laptops are brown in colour.	Exactly 4 laptops are brown in colour.
entailment	All 5 newspapers are purple in colour.	Exactly 5 newspapers are purple in colour.
entailment	All 2 files are purple in colour.	Exactly 2 files are purple in colour.
entailment	All 6 lipsticks are grey in colour.	Exactly 6 lipsticks are grey in colour.
entailment	All 10 buttons are green in colour.	Exactly 10 buttons are green in colour.
entailment	All 3 bottles are brown in colour.	Exactly 3 bottles are brown in colour.
entailment	All 6 purses are red in colour.	Exactly 6 purses are red in colour.
entailment	All 5 dictionaries are grey in colour.	Exactly 5 dictionaries are grey in colour.
entailment	All 7 clips are white in colour.	Exactly 7 clips are white in colour.
entailment	All 4 banknotes are green in colour.	Exactly 4 banknotes are green in colour.
entailment	All 3 credit cards are grey in colour.	Exactly 3 credit cards are grey in colour.
entailment	All 10 postcards are black in colour.	Exactly 10 postcards are black in colour.
