contradiction	Johnny was born in 1991 and Dan was born in 1995.	Dan was born before Johnny.
contradiction	Claire was born in 2017 and Charles was born in 2020.	Charles was born before Claire.
contradiction	Martha was born in 2004 and Pamela was born in 2010.	Pamela was born before Martha.
contradiction	Frank was born in 1995 and Ian was born in 1996.	Ian was born before Frank.
contradiction	Larry was born in 2016 and Howard was born in 2017.	Howard was born before Larry.
contradiction	Roy was born in 1995 and Judy was born in 2020.	Judy was born before Roy.
contradiction	Edward was born in 1990 and Jonathan was born in 2001.	Jonathan was born before Edward.
contradiction	Ian was born in 2011 and Jessica was born in 2019.	Jessica was born before Ian.
contradiction	Andrea was born in 2006 and Amanda was born in 2007.	Amanda was born before Andrea.
contradiction	Roger was born in 2003 and Roy was born in 2011.	Roy was born before Roger.
contradiction	Francis was born in 2002 and Edwin was born in 2005.	Edwin was born before Francis.
contradiction	Nicole was born in 1998 and Samuel was born in 1999.	Samuel was born before Nicole.
contradiction	Florence was born in 1992 and Sally was born in 1997.	Sally was born before Florence.
contradiction	Helen was born in 1996 and Matt was born in 2001.	Matt was born before Helen.
contradiction	Suzanne was born in 2007 and Charles was born in 2019.	Charles was born before Suzanne.
contradiction	Tom was born in 1998 and Matthew was born in 2003.	Matthew was born before Tom.
contradiction	Martin was born in 2012 and Dick was born in 2016.	Dick was born before Martin.
contradiction	Albert was born in 1999 and Judy was born in 2019.	Judy was born before Albert.
contradiction	Judith was born in 1997 and Bruce was born in 2017.	Bruce was born before Judith.
contradiction	Jimmy was born in 2001 and Ashley was born in 2005.	Ashley was born before Jimmy.
contradiction	Diana was born in 2005 and Mary was born in 2014.	Mary was born before Diana.
contradiction	Judith was born in 1994 and Sara was born in 2005.	Sara was born before Judith.
contradiction	Edwin was born in 2004 and David was born in 2015.	David was born before Edwin.
contradiction	Judith was born in 2001 and Alfred was born in 2012.	Alfred was born before Judith.
contradiction	Caroline was born in 1997 and Joe was born in 2008.	Joe was born before Caroline.
contradiction	Ralph was born in 1991 and Victoria was born in 2003.	Victoria was born before Ralph.
contradiction	Lucy was born in 1997 and Eric was born in 2014.	Eric was born before Lucy.
contradiction	David was born in 1995 and Dick was born in 1996.	Dick was born before David.
contradiction	Ray was born in 1992 and Dan was born in 1994.	Dan was born before Ray.
contradiction	Jean was born in 2005 and Katherine was born in 2015.	Katherine was born before Jean.
contradiction	Gary was born in 2008 and Sophie was born in 2019.	Sophie was born before Gary.
contradiction	Matt was born in 1996 and Edwin was born in 2006.	Edwin was born before Matt.
contradiction	Harriet was born in 2012 and Paul was born in 2017.	Paul was born before Harriet.
contradiction	Bobby was born in 1991 and Matthew was born in 1993.	Matthew was born before Bobby.
contradiction	Laura was born in 2018 and Howard was born in 2019.	Howard was born before Laura.
contradiction	Deborah was born in 1999 and Anna was born in 2006.	Anna was born before Deborah.
contradiction	Laura was born in 1999 and Ann was born in 2000.	Ann was born before Laura.
contradiction	Stephen was born in 1993 and Daniel was born in 1996.	Daniel was born before Stephen.
contradiction	Joe was born in 1990 and Judith was born in 1995.	Judith was born before Joe.
contradiction	Greg was born in 2006 and Lucy was born in 2010.	Lucy was born before Greg.
contradiction	Alan was born in 1994 and Simon was born in 1996.	Simon was born before Alan.
contradiction	Kathleen was born in 1991 and Harry was born in 1993.	Harry was born before Kathleen.
contradiction	Ryan was born in 2008 and Jack was born in 2014.	Jack was born before Ryan.
contradiction	Bobby was born in 1993 and Elaine was born in 1997.	Elaine was born before Bobby.
contradiction	Donna was born in 1991 and Evelyn was born in 2017.	Evelyn was born before Donna.
contradiction	Sandra was born in 2000 and Matthew was born in 2012.	Matthew was born before Sandra.
contradiction	Emily was born in 1990 and Judith was born in 1991.	Judith was born before Emily.
contradiction	Julia was born in 2009 and Jennifer was born in 2015.	Jennifer was born before Julia.
contradiction	Peter was born in 1997 and Albert was born in 2000.	Albert was born before Peter.
contradiction	Florence was born in 1999 and Rachel was born in 2006.	Rachel was born before Florence.
contradiction	Lucy was born in 1992 and Kim was born in 1994.	Kim was born before Lucy.
contradiction	James was born in 1991 and Sophie was born in 1996.	Sophie was born before James.
contradiction	Christopher was born in 1995 and Albert was born in 2003.	Albert was born before Christopher.
contradiction	Simon was born in 2008 and Jill was born in 2016.	Jill was born before Simon.
contradiction	Leslie was born in 2006 and Donald was born in 2016.	Donald was born before Leslie.
contradiction	Linda was born in 1998 and Joan was born in 2003.	Joan was born before Linda.
contradiction	Greg was born in 2002 and Robin was born in 2004.	Robin was born before Greg.
contradiction	Fred was born in 1993 and Alan was born in 2003.	Alan was born before Fred.
contradiction	Harriet was born in 1993 and Amanda was born in 2015.	Amanda was born before Harriet.
contradiction	Nicole was born in 1990 and Louise was born in 1991.	Louise was born before Nicole.
contradiction	Jane was born in 1993 and Ashley was born in 2020.	Ashley was born before Jane.
contradiction	Fred was born in 2012 and Louise was born in 2015.	Louise was born before Fred.
contradiction	Billy was born in 2006 and Robin was born in 2014.	Robin was born before Billy.
contradiction	Kathleen was born in 1991 and Edward was born in 2000.	Edward was born before Kathleen.
contradiction	Lisa was born in 1992 and Judith was born in 1994.	Judith was born before Lisa.
contradiction	Frederick was born in 1991 and Fred was born in 1992.	Fred was born before Frederick.
contradiction	Suzanne was born in 1999 and Alice was born in 2001.	Alice was born before Suzanne.
contradiction	Simon was born in 1990 and Susan was born in 1991.	Susan was born before Simon.
contradiction	Catherine was born in 1993 and Howard was born in 1994.	Howard was born before Catherine.
contradiction	Frederick was born in 1997 and Anna was born in 1998.	Anna was born before Frederick.
contradiction	Frederick was born in 1997 and Alfred was born in 1998.	Alfred was born before Frederick.
contradiction	Alexander was born in 1993 and Claire was born in 1995.	Claire was born before Alexander.
contradiction	Anna was born in 1992 and Kathryn was born in 1996.	Kathryn was born before Anna.
contradiction	Alexandra was born in 1996 and Elizabeth was born in 2000.	Elizabeth was born before Alexandra.
contradiction	Cynthia was born in 1996 and Joe was born in 1999.	Joe was born before Cynthia.
contradiction	Matthew was born in 1990 and Eleanor was born in 1997.	Eleanor was born before Matthew.
contradiction	Alex was born in 2001 and Linda was born in 2011.	Linda was born before Alex.
contradiction	Sue was born in 2000 and Alice was born in 2009.	Alice was born before Sue.
contradiction	Sandra was born in 2006 and Cynthia was born in 2017.	Cynthia was born before Sandra.
contradiction	Anne was born in 1991 and Joan was born in 1995.	Joan was born before Anne.
contradiction	Diane was born in 1999 and Robin was born in 2019.	Robin was born before Diane.
contradiction	Evelyn was born in 1994 and Lauren was born in 1996.	Lauren was born before Evelyn.
contradiction	Greg was born in 2002 and Amy was born in 2020.	Amy was born before Greg.
contradiction	Dave was born in 1996 and Marie was born in 2013.	Marie was born before Dave.
contradiction	Steve was born in 2003 and William was born in 2005.	William was born before Steve.
contradiction	Paul was born in 2010 and Judy was born in 2020.	Judy was born before Paul.
contradiction	Suzanne was born in 1992 and Johnny was born in 1997.	Johnny was born before Suzanne.
contradiction	Evelyn was born in 1995 and Kathy was born in 2010.	Kathy was born before Evelyn.
contradiction	Diana was born in 1990 and Alexander was born in 1998.	Alexander was born before Diana.
contradiction	Mike was born in 2005 and Jack was born in 2008.	Jack was born before Mike.
contradiction	Grace was born in 1997 and Alfred was born in 1999.	Alfred was born before Grace.
contradiction	Howard was born in 2009 and Lucy was born in 2018.	Lucy was born before Howard.
contradiction	Judy was born in 1991 and Laura was born in 2016.	Laura was born before Judy.
contradiction	Sharon was born in 2017 and Edith was born in 2018.	Edith was born before Sharon.
contradiction	Stephen was born in 1991 and Kevin was born in 1992.	Kevin was born before Stephen.
contradiction	Howard was born in 1993 and Andrea was born in 2020.	Andrea was born before Howard.
contradiction	Stephanie was born in 2012 and Kathy was born in 2013.	Kathy was born before Stephanie.
contradiction	Patricia was born in 2011 and Dorothy was born in 2016.	Dorothy was born before Patricia.
contradiction	Jason was born in 1993 and Arthur was born in 1994.	Arthur was born before Jason.
contradiction	Virginia was born in 1993 and Sharon was born in 1997.	Sharon was born before Virginia.
contradiction	Sandra was born in 1997 and Elizabeth was born in 2019.	Elizabeth was born before Sandra.
contradiction	Ruth was born in 2005 and Cynthia was born in 2018.	Cynthia was born before Ruth.
contradiction	Bobby was born in 1999 and Amy was born in 2004.	Amy was born before Bobby.
contradiction	Joseph was born in 2000 and Chris was born in 2007.	Chris was born before Joseph.
contradiction	Kathleen was born in 2004 and Ray was born in 2011.	Ray was born before Kathleen.
contradiction	Caroline was born in 2012 and Leslie was born in 2014.	Leslie was born before Caroline.
contradiction	Colin was born in 1992 and Wendy was born in 1998.	Wendy was born before Colin.
contradiction	Katie was born in 1992 and David was born in 2009.	David was born before Katie.
contradiction	Maria was born in 1990 and Mike was born in 1994.	Mike was born before Maria.
contradiction	Margaret was born in 2015 and Carol was born in 2016.	Carol was born before Margaret.
contradiction	Suzanne was born in 1991 and Robin was born in 2013.	Robin was born before Suzanne.
contradiction	Emily was born in 1990 and Catherine was born in 2003.	Catherine was born before Emily.
contradiction	Patricia was born in 1993 and Simon was born in 1996.	Simon was born before Patricia.
contradiction	Claire was born in 1999 and Donald was born in 2000.	Donald was born before Claire.
contradiction	Donna was born in 1992 and Elizabeth was born in 2002.	Elizabeth was born before Donna.
contradiction	Michelle was born in 1990 and Sally was born in 1991.	Sally was born before Michelle.
contradiction	Amanda was born in 1990 and James was born in 1994.	James was born before Amanda.
contradiction	Alfred was born in 1993 and Katie was born in 2000.	Katie was born before Alfred.
contradiction	Charlotte was born in 1994 and Dick was born in 2004.	Dick was born before Charlotte.
contradiction	Christine was born in 2003 and Andrea was born in 2016.	Andrea was born before Christine.
contradiction	Nicole was born in 2000 and Greg was born in 2006.	Greg was born before Nicole.
contradiction	Anne was born in 2016 and Claire was born in 2017.	Claire was born before Anne.
contradiction	Carolyn was born in 1995 and Ron was born in 2008.	Ron was born before Carolyn.
contradiction	Howard was born in 2005 and John was born in 2009.	John was born before Howard.
contradiction	Christine was born in 1992 and Al was born in 1993.	Al was born before Christine.
contradiction	Sam was born in 1990 and Roy was born in 2000.	Roy was born before Sam.
contradiction	Frederick was born in 1991 and Don was born in 1992.	Don was born before Frederick.
contradiction	Anne was born in 2006 and Grace was born in 2008.	Grace was born before Anne.
contradiction	Grace was born in 2007 and Roger was born in 2013.	Roger was born before Grace.
contradiction	Tim was born in 2005 and Simon was born in 2019.	Simon was born before Tim.
contradiction	Jason was born in 1991 and Elizabeth was born in 2015.	Elizabeth was born before Jason.
contradiction	Donna was born in 1997 and Howard was born in 2012.	Howard was born before Donna.
contradiction	Emily was born in 1991 and Alice was born in 1997.	Alice was born before Emily.
contradiction	Albert was born in 2000 and Ralph was born in 2009.	Ralph was born before Albert.
contradiction	Scott was born in 1996 and Sue was born in 2013.	Sue was born before Scott.
contradiction	Lauren was born in 2003 and Roger was born in 2011.	Roger was born before Lauren.
contradiction	Nicole was born in 2005 and Lisa was born in 2016.	Lisa was born before Nicole.
contradiction	Alexander was born in 1994 and Sam was born in 2006.	Sam was born before Alexander.
contradiction	Annie was born in 1990 and Anna was born in 1992.	Anna was born before Annie.
contradiction	Gary was born in 1998 and Roger was born in 2017.	Roger was born before Gary.
contradiction	Ralph was born in 1993 and Jim was born in 1999.	Jim was born before Ralph.
contradiction	Edwin was born in 2001 and Jill was born in 2004.	Jill was born before Edwin.
contradiction	Kelly was born in 1990 and Helen was born in 1993.	Helen was born before Kelly.
contradiction	Mike was born in 2007 and Stephen was born in 2017.	Stephen was born before Mike.
contradiction	Alexander was born in 2002 and Carl was born in 2005.	Carl was born before Alexander.
contradiction	Jason was born in 1994 and Sally was born in 2009.	Sally was born before Jason.
contradiction	Mary was born in 1992 and Simon was born in 1997.	Simon was born before Mary.
contradiction	Daniel was born in 2000 and Sam was born in 2005.	Sam was born before Daniel.
contradiction	Carol was born in 2000 and Nicole was born in 2003.	Nicole was born before Carol.
contradiction	Wendy was born in 1995 and Mike was born in 2018.	Mike was born before Wendy.
contradiction	Edwin was born in 2011 and Robin was born in 2016.	Robin was born before Edwin.
contradiction	Stephen was born in 1990 and Patricia was born in 1999.	Patricia was born before Stephen.
contradiction	Joan was born in 1990 and Jane was born in 1992.	Jane was born before Joan.
contradiction	Matt was born in 1994 and Elizabeth was born in 2000.	Elizabeth was born before Matt.
contradiction	Fred was born in 1991 and Thomas was born in 2005.	Thomas was born before Fred.
contradiction	Suzanne was born in 1998 and Roger was born in 2009.	Roger was born before Suzanne.
contradiction	Jerry was born in 2000 and Lisa was born in 2020.	Lisa was born before Jerry.
contradiction	Tony was born in 1990 and Patricia was born in 1991.	Patricia was born before Tony.
contradiction	John was born in 1995 and Betty was born in 1998.	Betty was born before John.
contradiction	Charlotte was born in 1992 and Charlie was born in 1994.	Charlie was born before Charlotte.
contradiction	Kathleen was born in 1998 and Matt was born in 2019.	Matt was born before Kathleen.
contradiction	Martha was born in 2004 and Judith was born in 2013.	Judith was born before Martha.
contradiction	Melissa was born in 2011 and Joseph was born in 2013.	Joseph was born before Melissa.
contradiction	Roger was born in 1990 and Sam was born in 1993.	Sam was born before Roger.
contradiction	Alex was born in 1991 and Matthew was born in 1995.	Matthew was born before Alex.
contradiction	Hugh was born in 1993 and Florence was born in 1994.	Florence was born before Hugh.
contradiction	Harriet was born in 1998 and Margaret was born in 2015.	Margaret was born before Harriet.
contradiction	Bobby was born in 1994 and Cynthia was born in 1996.	Cynthia was born before Bobby.
contradiction	Diane was born in 2009 and Marie was born in 2019.	Marie was born before Diane.
contradiction	Katherine was born in 1991 and Roy was born in 1993.	Roy was born before Katherine.
contradiction	Amy was born in 1993 and Jennifer was born in 2004.	Jennifer was born before Amy.
contradiction	Rebecca was born in 2001 and Kathy was born in 2010.	Kathy was born before Rebecca.
contradiction	Anne was born in 2012 and Melissa was born in 2018.	Melissa was born before Anne.
contradiction	Kathryn was born in 1992 and Roger was born in 2014.	Roger was born before Kathryn.
contradiction	Judy was born in 1991 and Claire was born in 1998.	Claire was born before Judy.
contradiction	Alexandra was born in 1992 and Bill was born in 1999.	Bill was born before Alexandra.
contradiction	Hugh was born in 1995 and Kevin was born in 2007.	Kevin was born before Hugh.
contradiction	Alan was born in 1993 and Jay was born in 1999.	Jay was born before Alan.
contradiction	Ann was born in 1999 and Edwin was born in 2007.	Edwin was born before Ann.
contradiction	Julie was born in 1996 and Kim was born in 2006.	Kim was born before Julie.
contradiction	Lucy was born in 1990 and Sara was born in 1991.	Sara was born before Lucy.
contradiction	Jack was born in 1990 and Ruth was born in 1991.	Ruth was born before Jack.
contradiction	Billy was born in 1996 and Sarah was born in 2003.	Sarah was born before Billy.
contradiction	Jessica was born in 1999 and Frank was born in 2003.	Frank was born before Jessica.
contradiction	Christine was born in 1991 and Matthew was born in 2006.	Matthew was born before Christine.
contradiction	Angela was born in 1999 and Tony was born in 2010.	Tony was born before Angela.
contradiction	Alfred was born in 2005 and Ashley was born in 2006.	Ashley was born before Alfred.
contradiction	Martin was born in 1991 and Nancy was born in 2007.	Nancy was born before Martin.
contradiction	Greg was born in 1999 and Jay was born in 2011.	Jay was born before Greg.
contradiction	Sam was born in 1990 and Anna was born in 1995.	Anna was born before Sam.
contradiction	David was born in 1999 and Eleanor was born in 2003.	Eleanor was born before David.
contradiction	Matt was born in 1995 and Bruce was born in 1998.	Bruce was born before Matt.
contradiction	Janet was born in 1998 and Alexandra was born in 2010.	Alexandra was born before Janet.
contradiction	Scott was born in 1999 and Al was born in 2000.	Al was born before Scott.
contradiction	Dorothy was born in 1996 and Alan was born in 2003.	Alan was born before Dorothy.
contradiction	Carl was born in 2013 and James was born in 2015.	James was born before Carl.
contradiction	Alexander was born in 1993 and Eleanor was born in 1998.	Eleanor was born before Alexander.
contradiction	Carol was born in 2004 and Carl was born in 2005.	Carl was born before Carol.
contradiction	Ian was born in 1994 and Nicole was born in 2002.	Nicole was born before Ian.
contradiction	Fred was born in 1994 and Charlotte was born in 1998.	Charlotte was born before Fred.
contradiction	Peter was born in 1992 and Emily was born in 1993.	Emily was born before Peter.
contradiction	Jim was born in 1995 and Rachel was born in 2004.	Rachel was born before Jim.
contradiction	Larry was born in 2004 and Suzanne was born in 2006.	Suzanne was born before Larry.
contradiction	Donna was born in 1996 and Stephanie was born in 2009.	Stephanie was born before Donna.
contradiction	Chris was born in 1990 and Peter was born in 1993.	Peter was born before Chris.
contradiction	Fred was born in 1990 and Kate was born in 2020.	Kate was born before Fred.
contradiction	Sue was born in 2008 and Edwin was born in 2016.	Edwin was born before Sue.
contradiction	Martha was born in 1994 and Charles was born in 2013.	Charles was born before Martha.
contradiction	Robin was born in 1996 and Sophie was born in 2015.	Sophie was born before Robin.
contradiction	Carolyn was born in 1991 and Nick was born in 2004.	Nick was born before Carolyn.
contradiction	Caroline was born in 2010 and Kevin was born in 2012.	Kevin was born before Caroline.
contradiction	Wendy was born in 1994 and Rebecca was born in 1995.	Rebecca was born before Wendy.
contradiction	John was born in 2000 and Colin was born in 2007.	Colin was born before John.
contradiction	Angela was born in 2017 and Joan was born in 2020.	Joan was born before Angela.
contradiction	Fiona was born in 1996 and Jill was born in 2000.	Jill was born before Fiona.
contradiction	Michelle was born in 1992 and Simon was born in 1995.	Simon was born before Michelle.
contradiction	Sam was born in 2002 and Alison was born in 2009.	Alison was born before Sam.
contradiction	James was born in 1997 and Louis was born in 2008.	Louis was born before James.
contradiction	Deborah was born in 1990 and Greg was born in 1999.	Greg was born before Deborah.
contradiction	Louise was born in 1993 and Chris was born in 2012.	Chris was born before Louise.
contradiction	Ben was born in 2004 and Kim was born in 2016.	Kim was born before Ben.
contradiction	Jimmy was born in 1998 and Sue was born in 2010.	Sue was born before Jimmy.
contradiction	Bobby was born in 1994 and Ken was born in 1996.	Ken was born before Bobby.
contradiction	Lynn was born in 1992 and Elaine was born in 1994.	Elaine was born before Lynn.
contradiction	Stephanie was born in 1991 and Walter was born in 2020.	Walter was born before Stephanie.
contradiction	Richard was born in 2003 and Evelyn was born in 2005.	Evelyn was born before Richard.
contradiction	Harriet was born in 2007 and Sophie was born in 2009.	Sophie was born before Harriet.
contradiction	Christine was born in 1991 and Roy was born in 1999.	Roy was born before Christine.
contradiction	Mark was born in 1990 and Billy was born in 2019.	Billy was born before Mark.
contradiction	Harriet was born in 2011 and Catherine was born in 2019.	Catherine was born before Harriet.
contradiction	William was born in 2008 and Louis was born in 2016.	Louis was born before William.
contradiction	Sharon was born in 1992 and Bill was born in 1993.	Bill was born before Sharon.
contradiction	Christine was born in 2002 and Marilyn was born in 2016.	Marilyn was born before Christine.
contradiction	Grace was born in 1990 and Hugh was born in 1995.	Hugh was born before Grace.
contradiction	Harold was born in 1990 and Peter was born in 1992.	Peter was born before Harold.
contradiction	Helen was born in 1990 and Michelle was born in 1991.	Michelle was born before Helen.
contradiction	Mary was born in 1999 and Ian was born in 2018.	Ian was born before Mary.
contradiction	Pamela was born in 1993 and Lisa was born in 1994.	Lisa was born before Pamela.
contradiction	Jimmy was born in 1991 and Amy was born in 1993.	Amy was born before Jimmy.
contradiction	Daniel was born in 2002 and Jill was born in 2010.	Jill was born before Daniel.
contradiction	Charlie was born in 1994 and Michael was born in 1996.	Michael was born before Charlie.
contradiction	Peter was born in 1990 and Andrew was born in 1991.	Andrew was born before Peter.
contradiction	Alice was born in 1990 and Harold was born in 2005.	Harold was born before Alice.
contradiction	Kathryn was born in 2006 and Jessica was born in 2009.	Jessica was born before Kathryn.
contradiction	Katie was born in 2003 and Christine was born in 2011.	Christine was born before Katie.
contradiction	Kevin was born in 2005 and Alice was born in 2015.	Alice was born before Kevin.
contradiction	Nicole was born in 2004 and Peter was born in 2013.	Peter was born before Nicole.
contradiction	Jay was born in 1992 and Ben was born in 2009.	Ben was born before Jay.
contradiction	Donna was born in 1994 and Jill was born in 1999.	Jill was born before Donna.
contradiction	Roy was born in 1990 and Samuel was born in 1993.	Samuel was born before Roy.
contradiction	Thomas was born in 1994 and Jay was born in 1995.	Jay was born before Thomas.
contradiction	Johnny was born in 1990 and Ray was born in 1991.	Ray was born before Johnny.
contradiction	Kenneth was born in 1993 and Brian was born in 1994.	Brian was born before Kenneth.
contradiction	Carl was born in 2004 and Kate was born in 2014.	Kate was born before Carl.
contradiction	Kenneth was born in 1993 and Jeff was born in 2015.	Jeff was born before Kenneth.
contradiction	Dave was born in 1996 and Margaret was born in 2010.	Margaret was born before Dave.
contradiction	Sharon was born in 1993 and Bruce was born in 2006.	Bruce was born before Sharon.
contradiction	Dan was born in 1993 and Keith was born in 2000.	Keith was born before Dan.
contradiction	Carl was born in 2002 and William was born in 2009.	William was born before Carl.
contradiction	Bob was born in 1995 and Wendy was born in 1998.	Wendy was born before Bob.
contradiction	Nicole was born in 2011 and Betty was born in 2020.	Betty was born before Nicole.
contradiction	Anthony was born in 2002 and Charles was born in 2009.	Charles was born before Anthony.
contradiction	Arthur was born in 2006 and Judy was born in 2010.	Judy was born before Arthur.
contradiction	Chris was born in 1990 and Roger was born in 1994.	Roger was born before Chris.
contradiction	Joseph was born in 1992 and Kathleen was born in 1993.	Kathleen was born before Joseph.
contradiction	Susan was born in 2013 and Ann was born in 2015.	Ann was born before Susan.
contradiction	Elaine was born in 1992 and Heather was born in 2016.	Heather was born before Elaine.
contradiction	Charlie was born in 1993 and Colin was born in 1995.	Colin was born before Charlie.
contradiction	Dorothy was born in 1994 and Angela was born in 1995.	Angela was born before Dorothy.
contradiction	Lawrence was born in 1999 and Nick was born in 2009.	Nick was born before Lawrence.
contradiction	Elizabeth was born in 1999 and Dick was born in 2000.	Dick was born before Elizabeth.
contradiction	Ralph was born in 1995 and Laura was born in 2002.	Laura was born before Ralph.
contradiction	Eric was born in 1990 and Carolyn was born in 1993.	Carolyn was born before Eric.
contradiction	Jennifer was born in 2003 and Charlotte was born in 2018.	Charlotte was born before Jennifer.
contradiction	Patrick was born in 1994 and Tim was born in 2013.	Tim was born before Patrick.
contradiction	Matthew was born in 1991 and Charles was born in 2002.	Charles was born before Matthew.
contradiction	Daniel was born in 1993 and Alison was born in 1997.	Alison was born before Daniel.
contradiction	Tom was born in 1995 and Katherine was born in 1998.	Katherine was born before Tom.
contradiction	Ray was born in 2006 and Michelle was born in 2011.	Michelle was born before Ray.
contradiction	Michael was born in 1996 and Johnny was born in 2001.	Johnny was born before Michael.
contradiction	Florence was born in 1990 and Victoria was born in 1992.	Victoria was born before Florence.
contradiction	Jason was born in 1991 and Bob was born in 2002.	Bob was born before Jason.
contradiction	Larry was born in 2006 and Emily was born in 2015.	Emily was born before Larry.
contradiction	Angela was born in 1997 and Lynn was born in 2007.	Lynn was born before Angela.
contradiction	Lauren was born in 1991 and Ken was born in 1992.	Ken was born before Lauren.
contradiction	Evelyn was born in 1995 and Marie was born in 1997.	Marie was born before Evelyn.
contradiction	Karen was born in 1990 and Angela was born in 1995.	Angela was born before Karen.
contradiction	Laura was born in 2009 and Robin was born in 2014.	Robin was born before Laura.
contradiction	Hugh was born in 1990 and Lauren was born in 1991.	Lauren was born before Hugh.
contradiction	Leslie was born in 1990 and Jonathan was born in 2008.	Jonathan was born before Leslie.
contradiction	Louis was born in 1993 and Heather was born in 1994.	Heather was born before Louis.
contradiction	Helen was born in 1990 and Amy was born in 1991.	Amy was born before Helen.
contradiction	Peter was born in 1995 and Mary was born in 2000.	Mary was born before Peter.
contradiction	Joe was born in 1995 and Harold was born in 2018.	Harold was born before Joe.
contradiction	Rachel was born in 2013 and Tom was born in 2014.	Tom was born before Rachel.
contradiction	Mary was born in 1995 and Andrew was born in 1999.	Andrew was born before Mary.
contradiction	Roger was born in 2006 and Andrea was born in 2010.	Andrea was born before Roger.
contradiction	Jennifer was born in 2010 and Kim was born in 2013.	Kim was born before Jennifer.
contradiction	Philip was born in 1993 and Patricia was born in 2012.	Patricia was born before Philip.
contradiction	Albert was born in 2009 and Emma was born in 2011.	Emma was born before Albert.
contradiction	Annie was born in 1990 and Jeff was born in 1993.	Jeff was born before Annie.
contradiction	Ron was born in 1992 and Al was born in 1993.	Al was born before Ron.
contradiction	Joseph was born in 1990 and Jane was born in 1992.	Jane was born before Joseph.
contradiction	Brian was born in 1991 and Harriet was born in 1998.	Harriet was born before Brian.
contradiction	Frances was born in 1999 and Matthew was born in 2006.	Matthew was born before Frances.
contradiction	Judith was born in 1993 and Sandra was born in 2009.	Sandra was born before Judith.
contradiction	Diana was born in 1994 and Kathleen was born in 2018.	Kathleen was born before Diana.
contradiction	Mark was born in 2000 and John was born in 2006.	John was born before Mark.
contradiction	Fiona was born in 1995 and Ruth was born in 2019.	Ruth was born before Fiona.
contradiction	Maria was born in 1993 and Rachel was born in 1996.	Rachel was born before Maria.
contradiction	Alice was born in 2003 and Rachel was born in 2015.	Rachel was born before Alice.
contradiction	Annie was born in 2004 and Charlotte was born in 2013.	Charlotte was born before Annie.
contradiction	Ashley was born in 1990 and Dan was born in 2000.	Dan was born before Ashley.
contradiction	Dorothy was born in 1990 and Evelyn was born in 1998.	Evelyn was born before Dorothy.
contradiction	Marilyn was born in 2012 and Alfred was born in 2017.	Alfred was born before Marilyn.
contradiction	Carl was born in 1996 and James was born in 2014.	James was born before Carl.
contradiction	Virginia was born in 2002 and Andrew was born in 2005.	Andrew was born before Virginia.
contradiction	Marilyn was born in 1994 and Grace was born in 1996.	Grace was born before Marilyn.
contradiction	Walter was born in 1997 and Ed was born in 2009.	Ed was born before Walter.
contradiction	Dorothy was born in 1998 and Al was born in 2005.	Al was born before Dorothy.
contradiction	Bruce was born in 1992 and Charlie was born in 1995.	Charlie was born before Bruce.
contradiction	Mike was born in 2003 and Sue was born in 2007.	Sue was born before Mike.
contradiction	Alfred was born in 1990 and Annie was born in 1992.	Annie was born before Alfred.
contradiction	Louis was born in 2000 and Diane was born in 2011.	Diane was born before Louis.
contradiction	Billy was born in 2003 and Frances was born in 2017.	Frances was born before Billy.
contradiction	Greg was born in 1992 and Louis was born in 2016.	Louis was born before Greg.
contradiction	Lawrence was born in 1993 and Anna was born in 1999.	Anna was born before Lawrence.
contradiction	Harriet was born in 1991 and Maria was born in 1994.	Maria was born before Harriet.
contradiction	Janet was born in 1993 and Billy was born in 1997.	Billy was born before Janet.
contradiction	Christopher was born in 2009 and Scott was born in 2011.	Scott was born before Christopher.
contradiction	Benjamin was born in 2003 and Ray was born in 2005.	Ray was born before Benjamin.
contradiction	Edward was born in 1996 and Frederick was born in 1998.	Frederick was born before Edward.
contradiction	Anne was born in 1995 and Nancy was born in 1996.	Nancy was born before Anne.
contradiction	Roy was born in 2005 and Karen was born in 2015.	Karen was born before Roy.
contradiction	Bob was born in 2006 and Martin was born in 2020.	Martin was born before Bob.
contradiction	Tom was born in 2001 and Donald was born in 2018.	Donald was born before Tom.
contradiction	Simon was born in 2015 and Jerry was born in 2017.	Jerry was born before Simon.
contradiction	Don was born in 1999 and Alan was born in 2002.	Alan was born before Don.
contradiction	Samuel was born in 1990 and Cynthia was born in 1991.	Cynthia was born before Samuel.
contradiction	Simon was born in 1994 and Fiona was born in 1996.	Fiona was born before Simon.
contradiction	Stephen was born in 2000 and Harriet was born in 2019.	Harriet was born before Stephen.
contradiction	Simon was born in 1990 and Lawrence was born in 1992.	Lawrence was born before Simon.
contradiction	Jennifer was born in 1992 and Keith was born in 1997.	Keith was born before Jennifer.
contradiction	Betty was born in 1990 and Jeff was born in 1991.	Jeff was born before Betty.
contradiction	Carl was born in 2005 and Lisa was born in 2012.	Lisa was born before Carl.
contradiction	Kathy was born in 1993 and Elaine was born in 1996.	Elaine was born before Kathy.
contradiction	Kim was born in 2010 and Helen was born in 2012.	Helen was born before Kim.
contradiction	Amanda was born in 1994 and Ruth was born in 2015.	Ruth was born before Amanda.
contradiction	Amanda was born in 1993 and Robin was born in 2003.	Robin was born before Amanda.
contradiction	Kevin was born in 1991 and Ruth was born in 1992.	Ruth was born before Kevin.
contradiction	Katie was born in 2002 and Jimmy was born in 2016.	Jimmy was born before Katie.
contradiction	Henry was born in 1990 and Louise was born in 1991.	Louise was born before Henry.
contradiction	Frederick was born in 1990 and Barbara was born in 1995.	Barbara was born before Frederick.
contradiction	Anna was born in 1993 and Anthony was born in 2004.	Anthony was born before Anna.
contradiction	Suzanne was born in 1990 and Karen was born in 1994.	Karen was born before Suzanne.
contradiction	Claire was born in 2009 and Jean was born in 2013.	Jean was born before Claire.
contradiction	Laura was born in 2009 and Matthew was born in 2013.	Matthew was born before Laura.
contradiction	Francis was born in 1994 and Kathy was born in 2011.	Kathy was born before Francis.
contradiction	Martha was born in 1991 and Suzanne was born in 1999.	Suzanne was born before Martha.
contradiction	Steven was born in 1998 and Johnny was born in 2004.	Johnny was born before Steven.
contradiction	Jimmy was born in 1992 and Chris was born in 2000.	Chris was born before Jimmy.
contradiction	Tim was born in 1994 and Jack was born in 1996.	Jack was born before Tim.
contradiction	Martha was born in 1995 and Adam was born in 2018.	Adam was born before Martha.
contradiction	Julie was born in 1998 and Bill was born in 2002.	Bill was born before Julie.
contradiction	Susan was born in 2004 and Chris was born in 2008.	Chris was born before Susan.
contradiction	Judith was born in 1990 and Jeff was born in 1991.	Jeff was born before Judith.
contradiction	Emma was born in 2002 and Ruth was born in 2014.	Ruth was born before Emma.
contradiction	Bill was born in 1999 and Harriet was born in 2015.	Harriet was born before Bill.
contradiction	Robert was born in 1998 and Kenneth was born in 2009.	Kenneth was born before Robert.
contradiction	Claire was born in 2001 and Annie was born in 2007.	Annie was born before Claire.
contradiction	Karen was born in 1992 and Harold was born in 1995.	Harold was born before Karen.
contradiction	Leslie was born in 2010 and David was born in 2013.	David was born before Leslie.
contradiction	Judith was born in 2000 and Grace was born in 2010.	Grace was born before Judith.
contradiction	Michael was born in 1991 and Hugh was born in 1999.	Hugh was born before Michael.
contradiction	Frances was born in 2010 and Carol was born in 2015.	Carol was born before Frances.
contradiction	Francis was born in 1991 and William was born in 1992.	William was born before Francis.
contradiction	Sarah was born in 2000 and Louis was born in 2010.	Louis was born before Sarah.
contradiction	Patrick was born in 1992 and Helen was born in 2019.	Helen was born before Patrick.
contradiction	Larry was born in 1991 and Roy was born in 2004.	Roy was born before Larry.
contradiction	Carolyn was born in 1996 and Lucy was born in 2014.	Lucy was born before Carolyn.
contradiction	Patrick was born in 2004 and Amy was born in 2009.	Amy was born before Patrick.
contradiction	Louise was born in 2005 and Sarah was born in 2007.	Sarah was born before Louise.
contradiction	Chris was born in 1999 and Rebecca was born in 2002.	Rebecca was born before Chris.
contradiction	Kate was born in 1990 and Dave was born in 1991.	Dave was born before Kate.
contradiction	Maria was born in 1995 and Kate was born in 2010.	Kate was born before Maria.
contradiction	Marie was born in 1992 and Charlie was born in 2010.	Charlie was born before Marie.
contradiction	Linda was born in 1990 and Stephen was born in 1991.	Stephen was born before Linda.
contradiction	Matt was born in 1997 and Kelly was born in 1999.	Kelly was born before Matt.
contradiction	Mike was born in 1990 and Carolyn was born in 2016.	Carolyn was born before Mike.
contradiction	Deborah was born in 1991 and Jimmy was born in 2011.	Jimmy was born before Deborah.
contradiction	Catherine was born in 1991 and Arthur was born in 2005.	Arthur was born before Catherine.
contradiction	Billy was born in 2004 and Carl was born in 2015.	Carl was born before Billy.
contradiction	Marilyn was born in 2004 and Bob was born in 2016.	Bob was born before Marilyn.
contradiction	Jane was born in 1990 and Francis was born in 1994.	Francis was born before Jane.
contradiction	Louise was born in 1990 and Charlotte was born in 2002.	Charlotte was born before Louise.
contradiction	Heather was born in 1992 and Angela was born in 1998.	Angela was born before Heather.
contradiction	Dan was born in 2008 and Roy was born in 2009.	Roy was born before Dan.
contradiction	Marilyn was born in 1999 and Anne was born in 2001.	Anne was born before Marilyn.
contradiction	Martin was born in 2007 and Helen was born in 2014.	Helen was born before Martin.
contradiction	Nick was born in 1994 and Albert was born in 2003.	Albert was born before Nick.
contradiction	Diane was born in 1990 and Mark was born in 1991.	Mark was born before Diane.
contradiction	Suzanne was born in 1991 and Donald was born in 1994.	Donald was born before Suzanne.
contradiction	Francis was born in 1993 and William was born in 2000.	William was born before Francis.
contradiction	Jill was born in 2004 and Victoria was born in 2008.	Victoria was born before Jill.
contradiction	Larry was born in 1994 and Harry was born in 2000.	Harry was born before Larry.
contradiction	Kelly was born in 2000 and Ruth was born in 2003.	Ruth was born before Kelly.
contradiction	Philip was born in 1997 and Julie was born in 2001.	Julie was born before Philip.
contradiction	Walter was born in 2002 and Greg was born in 2020.	Greg was born before Walter.
contradiction	Nancy was born in 1993 and Frances was born in 2011.	Frances was born before Nancy.
contradiction	Brian was born in 1999 and Sara was born in 2010.	Sara was born before Brian.
contradiction	Judy was born in 1990 and Lynn was born in 1994.	Lynn was born before Judy.
contradiction	Katie was born in 2001 and Stephen was born in 2003.	Stephen was born before Katie.
contradiction	Simon was born in 1998 and Kathy was born in 2004.	Kathy was born before Simon.
contradiction	Jill was born in 1995 and Rachel was born in 2003.	Rachel was born before Jill.
contradiction	Nancy was born in 1991 and Peter was born in 2010.	Peter was born before Nancy.
contradiction	Amanda was born in 1995 and Tim was born in 2014.	Tim was born before Amanda.
contradiction	Laura was born in 2000 and Brian was born in 2002.	Brian was born before Laura.
contradiction	Christine was born in 1990 and Paul was born in 2002.	Paul was born before Christine.
contradiction	Ian was born in 1991 and Patricia was born in 1997.	Patricia was born before Ian.
contradiction	Betty was born in 1993 and Diane was born in 1994.	Diane was born before Betty.
contradiction	Sophie was born in 2018 and Anne was born in 2019.	Anne was born before Sophie.
contradiction	Jeff was born in 2009 and Ian was born in 2013.	Ian was born before Jeff.
contradiction	Ray was born in 2005 and Walter was born in 2013.	Walter was born before Ray.
contradiction	Nick was born in 1993 and Eric was born in 1996.	Eric was born before Nick.
contradiction	Janet was born in 2000 and Sarah was born in 2002.	Sarah was born before Janet.
contradiction	Ryan was born in 1999 and Jennifer was born in 2002.	Jennifer was born before Ryan.
contradiction	Harriet was born in 1993 and Alex was born in 2001.	Alex was born before Harriet.
contradiction	Mark was born in 1997 and Sharon was born in 2010.	Sharon was born before Mark.
contradiction	Ed was born in 1990 and Edith was born in 1991.	Edith was born before Ed.
contradiction	Emma was born in 2002 and George was born in 2018.	George was born before Emma.
contradiction	Carolyn was born in 1998 and Heather was born in 2002.	Heather was born before Carolyn.
contradiction	Anna was born in 1992 and Katherine was born in 1994.	Katherine was born before Anna.
contradiction	Sandra was born in 1995 and Martin was born in 2019.	Martin was born before Sandra.
contradiction	George was born in 2009 and Michael was born in 2020.	Michael was born before George.
contradiction	Rachel was born in 1996 and Alexandra was born in 2009.	Alexandra was born before Rachel.
contradiction	Kate was born in 1990 and Simon was born in 1997.	Simon was born before Kate.
contradiction	Jonathan was born in 1991 and Sara was born in 1993.	Sara was born before Jonathan.
contradiction	Julie was born in 1998 and Judy was born in 2002.	Judy was born before Julie.
contradiction	James was born in 2003 and Ron was born in 2009.	Ron was born before James.
contradiction	Sharon was born in 2014 and Lynn was born in 2020.	Lynn was born before Sharon.
contradiction	Alice was born in 1990 and Julie was born in 2000.	Julie was born before Alice.
contradiction	Alex was born in 1997 and Samuel was born in 1998.	Samuel was born before Alex.
contradiction	Francis was born in 2002 and Ralph was born in 2004.	Ralph was born before Francis.
contradiction	Joseph was born in 2015 and Catherine was born in 2017.	Catherine was born before Joseph.
contradiction	Martha was born in 1995 and Jessica was born in 2016.	Jessica was born before Martha.
contradiction	Bruce was born in 1993 and Ron was born in 2005.	Ron was born before Bruce.
contradiction	Sally was born in 2003 and Alison was born in 2011.	Alison was born before Sally.
contradiction	Donald was born in 1991 and Adam was born in 1992.	Adam was born before Donald.
contradiction	Charlotte was born in 2005 and Grace was born in 2009.	Grace was born before Charlotte.
contradiction	Kate was born in 1992 and Sharon was born in 2017.	Sharon was born before Kate.
contradiction	Sharon was born in 1990 and Jimmy was born in 1991.	Jimmy was born before Sharon.
contradiction	Nicole was born in 1993 and Leslie was born in 2015.	Leslie was born before Nicole.
contradiction	Edith was born in 2004 and Robin was born in 2012.	Robin was born before Edith.
contradiction	Jessica was born in 2010 and Fiona was born in 2011.	Fiona was born before Jessica.
contradiction	Gary was born in 1998 and Mary was born in 2003.	Mary was born before Gary.
contradiction	Frances was born in 1997 and Jonathan was born in 2011.	Jonathan was born before Frances.
contradiction	Suzanne was born in 1990 and Rose was born in 2009.	Rose was born before Suzanne.
contradiction	Martin was born in 2008 and Alex was born in 2016.	Alex was born before Martin.
contradiction	Harriet was born in 1997 and Rachel was born in 2017.	Rachel was born before Harriet.
contradiction	Caroline was born in 2017 and Amy was born in 2018.	Amy was born before Caroline.
contradiction	Ron was born in 1996 and Adam was born in 2000.	Adam was born before Ron.
contradiction	Diana was born in 2017 and Ashley was born in 2018.	Ashley was born before Diana.
contradiction	Walter was born in 1994 and Lisa was born in 2003.	Lisa was born before Walter.
contradiction	Jeff was born in 1992 and Adam was born in 2011.	Adam was born before Jeff.
contradiction	Sue was born in 1990 and David was born in 1999.	David was born before Sue.
contradiction	Lynn was born in 2003 and Charles was born in 2020.	Charles was born before Lynn.
contradiction	Carol was born in 1992 and Diane was born in 2019.	Diane was born before Carol.
contradiction	Alice was born in 1995 and Ann was born in 2005.	Ann was born before Alice.
contradiction	Frederick was born in 1991 and Stephen was born in 2018.	Stephen was born before Frederick.
contradiction	Elaine was born in 1996 and Wendy was born in 2010.	Wendy was born before Elaine.
contradiction	Martin was born in 1996 and Deborah was born in 2017.	Deborah was born before Martin.
contradiction	Roy was born in 2006 and Amanda was born in 2016.	Amanda was born before Roy.
contradiction	James was born in 1990 and Andrew was born in 1996.	Andrew was born before James.
contradiction	Christine was born in 2008 and Ray was born in 2014.	Ray was born before Christine.
contradiction	Judith was born in 2000 and Alice was born in 2007.	Alice was born before Judith.
contradiction	Ann was born in 1994 and Richard was born in 2012.	Richard was born before Ann.
contradiction	Alexandra was born in 2005 and Janet was born in 2007.	Janet was born before Alexandra.
contradiction	Andrew was born in 2001 and Kathryn was born in 2003.	Kathryn was born before Andrew.
contradiction	Jonathan was born in 1992 and Ann was born in 1999.	Ann was born before Jonathan.
contradiction	Pamela was born in 1993 and Donna was born in 1995.	Donna was born before Pamela.
contradiction	Dick was born in 1999 and Jane was born in 2006.	Jane was born before Dick.
contradiction	William was born in 1992 and Barbara was born in 2011.	Barbara was born before William.
contradiction	Jerry was born in 1991 and Kate was born in 2008.	Kate was born before Jerry.
contradiction	Jeff was born in 1994 and Albert was born in 1997.	Albert was born before Jeff.
contradiction	Emma was born in 1991 and Bill was born in 1999.	Bill was born before Emma.
contradiction	Helen was born in 2008 and Deborah was born in 2018.	Deborah was born before Helen.
contradiction	Jay was born in 1992 and Andrea was born in 2001.	Andrea was born before Jay.
contradiction	Steve was born in 1999 and Jennifer was born in 2009.	Jennifer was born before Steve.
contradiction	John was born in 2001 and Kathleen was born in 2007.	Kathleen was born before John.
contradiction	Ben was born in 2006 and Louise was born in 2008.	Louise was born before Ben.
contradiction	Frances was born in 1990 and Jonathan was born in 1992.	Jonathan was born before Frances.
contradiction	Stephen was born in 1999 and Bill was born in 2019.	Bill was born before Stephen.
contradiction	Kevin was born in 2002 and Caroline was born in 2008.	Caroline was born before Kevin.
contradiction	Joan was born in 2004 and Harry was born in 2014.	Harry was born before Joan.
contradiction	Dan was born in 1991 and Matthew was born in 2007.	Matthew was born before Dan.
contradiction	Jean was born in 1992 and Virginia was born in 1993.	Virginia was born before Jean.
contradiction	Mary was born in 2010 and Emily was born in 2017.	Emily was born before Mary.
contradiction	Carolyn was born in 1997 and Katherine was born in 2013.	Katherine was born before Carolyn.
contradiction	Joan was born in 2001 and Karen was born in 2006.	Karen was born before Joan.
contradiction	Adam was born in 1995 and Kathryn was born in 2010.	Kathryn was born before Adam.
contradiction	Henry was born in 1997 and Bill was born in 2004.	Bill was born before Henry.
contradiction	Donna was born in 2004 and Paul was born in 2009.	Paul was born before Donna.
contradiction	Andrew was born in 1998 and Amy was born in 2018.	Amy was born before Andrew.
contradiction	Rachel was born in 2002 and Elizabeth was born in 2007.	Elizabeth was born before Rachel.
contradiction	Peter was born in 2013 and Jennifer was born in 2014.	Jennifer was born before Peter.
contradiction	Jeff was born in 1994 and Richard was born in 2020.	Richard was born before Jeff.
contradiction	Annie was born in 2005 and Harold was born in 2017.	Harold was born before Annie.
contradiction	Sara was born in 1996 and Christine was born in 2014.	Christine was born before Sara.
contradiction	Linda was born in 1998 and Rose was born in 2012.	Rose was born before Linda.
contradiction	Carl was born in 1995 and Bruce was born in 2007.	Bruce was born before Carl.
contradiction	Scott was born in 1990 and Ellen was born in 2009.	Ellen was born before Scott.
contradiction	Sara was born in 1992 and Amanda was born in 1995.	Amanda was born before Sara.
contradiction	Ken was born in 1991 and Kathleen was born in 2017.	Kathleen was born before Ken.
contradiction	Sara was born in 2007 and Linda was born in 2019.	Linda was born before Sara.
contradiction	Ray was born in 1996 and Harold was born in 1999.	Harold was born before Ray.
contradiction	Jay was born in 1990 and Rose was born in 2018.	Rose was born before Jay.
contradiction	Wendy was born in 1992 and Stephen was born in 1994.	Stephen was born before Wendy.
contradiction	Lisa was born in 1993 and Stephanie was born in 2011.	Stephanie was born before Lisa.
contradiction	Benjamin was born in 1996 and Amanda was born in 2003.	Amanda was born before Benjamin.
contradiction	Linda was born in 1996 and Andrew was born in 2000.	Andrew was born before Linda.
contradiction	Jerry was born in 2001 and Johnny was born in 2014.	Johnny was born before Jerry.
contradiction	Lauren was born in 1993 and Robin was born in 2007.	Robin was born before Lauren.
contradiction	Marilyn was born in 2000 and Elizabeth was born in 2016.	Elizabeth was born before Marilyn.
contradiction	Paul was born in 1991 and Anthony was born in 2016.	Anthony was born before Paul.
contradiction	Jessica was born in 1998 and Daniel was born in 2014.	Daniel was born before Jessica.
contradiction	David was born in 1990 and Evelyn was born in 1992.	Evelyn was born before David.
contradiction	Betty was born in 1991 and Mike was born in 1992.	Mike was born before Betty.
contradiction	Fiona was born in 2004 and Sam was born in 2006.	Sam was born before Fiona.
contradiction	Kate was born in 2004 and Helen was born in 2019.	Helen was born before Kate.
contradiction	Harry was born in 1990 and Linda was born in 1991.	Linda was born before Harry.
contradiction	Dave was born in 2010 and Deborah was born in 2016.	Deborah was born before Dave.
contradiction	Patricia was born in 2011 and Barbara was born in 2015.	Barbara was born before Patricia.
contradiction	Philip was born in 2016 and Florence was born in 2017.	Florence was born before Philip.
contradiction	Bill was born in 1997 and Frances was born in 2005.	Frances was born before Bill.
contradiction	Carolyn was born in 2001 and Cynthia was born in 2012.	Cynthia was born before Carolyn.
contradiction	Barbara was born in 1997 and Kevin was born in 2008.	Kevin was born before Barbara.
contradiction	Sally was born in 1999 and Cynthia was born in 2002.	Cynthia was born before Sally.
contradiction	Frederick was born in 1990 and Edith was born in 1992.	Edith was born before Frederick.
contradiction	Sue was born in 1992 and Matthew was born in 1998.	Matthew was born before Sue.
contradiction	Louis was born in 1993 and Henry was born in 2007.	Henry was born before Louis.
contradiction	Jessica was born in 1997 and Andrea was born in 2001.	Andrea was born before Jessica.
contradiction	Alexandra was born in 2006 and Martin was born in 2009.	Martin was born before Alexandra.
contradiction	Matthew was born in 2002 and Martha was born in 2015.	Martha was born before Matthew.
contradiction	Richard was born in 1999 and Donna was born in 2005.	Donna was born before Richard.
contradiction	Alexander was born in 1993 and Alexandra was born in 2011.	Alexandra was born before Alexander.
contradiction	Ray was born in 1992 and Harriet was born in 1993.	Harriet was born before Ray.
contradiction	Charlie was born in 1990 and Alison was born in 1995.	Alison was born before Charlie.
contradiction	Joe was born in 1995 and Rose was born in 1997.	Rose was born before Joe.
contradiction	Fred was born in 1990 and Andrew was born in 1991.	Andrew was born before Fred.
contradiction	Paul was born in 1999 and Greg was born in 2001.	Greg was born before Paul.
contradiction	Joe was born in 1991 and Jane was born in 2000.	Jane was born before Joe.
contradiction	Joe was born in 1991 and Rebecca was born in 2017.	Rebecca was born before Joe.
contradiction	Philip was born in 2002 and Albert was born in 2014.	Albert was born before Philip.
contradiction	Carolyn was born in 1994 and Ryan was born in 1996.	Ryan was born before Carolyn.
contradiction	Lisa was born in 1998 and Dick was born in 2017.	Dick was born before Lisa.
contradiction	Cynthia was born in 1995 and Sam was born in 2001.	Sam was born before Cynthia.
contradiction	Daniel was born in 1991 and Nicole was born in 2000.	Nicole was born before Daniel.
contradiction	Pamela was born in 1997 and Kathy was born in 1998.	Kathy was born before Pamela.
contradiction	Lucy was born in 1991 and Jennifer was born in 2017.	Jennifer was born before Lucy.
contradiction	Alex was born in 1997 and Robin was born in 2001.	Robin was born before Alex.
contradiction	Michael was born in 1995 and Stephen was born in 2000.	Stephen was born before Michael.
contradiction	Henry was born in 1993 and Jennifer was born in 2016.	Jennifer was born before Henry.
contradiction	Stephanie was born in 1990 and Bob was born in 1991.	Bob was born before Stephanie.
contradiction	Rebecca was born in 2007 and Hugh was born in 2015.	Hugh was born before Rebecca.
contradiction	Charles was born in 1993 and Julie was born in 1995.	Julie was born before Charles.
contradiction	Alfred was born in 2000 and Edith was born in 2014.	Edith was born before Alfred.
contradiction	Melissa was born in 1991 and Sarah was born in 1994.	Sarah was born before Melissa.
contradiction	Donna was born in 1995 and Arthur was born in 1997.	Arthur was born before Donna.
contradiction	Amy was born in 1993 and Betty was born in 1995.	Betty was born before Amy.
contradiction	Emma was born in 2004 and Rose was born in 2005.	Rose was born before Emma.
contradiction	Arthur was born in 1990 and Lucy was born in 1993.	Lucy was born before Arthur.
contradiction	Elizabeth was born in 1990 and Tony was born in 1993.	Tony was born before Elizabeth.
contradiction	Jason was born in 2008 and Andrew was born in 2011.	Andrew was born before Jason.
contradiction	Roy was born in 1990 and Steve was born in 2003.	Steve was born before Roy.
contradiction	Anne was born in 1991 and Edwin was born in 1998.	Edwin was born before Anne.
contradiction	Alexander was born in 1993 and Kim was born in 1999.	Kim was born before Alexander.
contradiction	Matt was born in 1992 and Pamela was born in 2012.	Pamela was born before Matt.
contradiction	Walter was born in 2000 and Robert was born in 2011.	Robert was born before Walter.
contradiction	Jane was born in 1990 and Jay was born in 1991.	Jay was born before Jane.
contradiction	Anna was born in 1992 and Jimmy was born in 2004.	Jimmy was born before Anna.
contradiction	Rebecca was born in 1991 and Donald was born in 2012.	Donald was born before Rebecca.
contradiction	Thomas was born in 1991 and Jason was born in 1997.	Jason was born before Thomas.
contradiction	Francis was born in 2016 and Martin was born in 2017.	Martin was born before Francis.
contradiction	Amanda was born in 2000 and Kim was born in 2016.	Kim was born before Amanda.
contradiction	Charlie was born in 1997 and Jean was born in 2007.	Jean was born before Charlie.
contradiction	Eleanor was born in 2002 and Florence was born in 2015.	Florence was born before Eleanor.
contradiction	Julia was born in 1994 and Pamela was born in 2000.	Pamela was born before Julia.
contradiction	Sharon was born in 2008 and Charlie was born in 2014.	Charlie was born before Sharon.
contradiction	Larry was born in 1993 and Laura was born in 2001.	Laura was born before Larry.
contradiction	Tony was born in 2011 and Helen was born in 2015.	Helen was born before Tony.
contradiction	Alice was born in 1993 and Karen was born in 1994.	Karen was born before Alice.
contradiction	Judith was born in 1993 and Scott was born in 2015.	Scott was born before Judith.
contradiction	Dan was born in 1990 and Roy was born in 1997.	Roy was born before Dan.
contradiction	Robert was born in 2005 and Alfred was born in 2016.	Alfred was born before Robert.
contradiction	Johnny was born in 1993 and Keith was born in 2012.	Keith was born before Johnny.
contradiction	Charlie was born in 2006 and Robert was born in 2007.	Robert was born before Charlie.
contradiction	Rachel was born in 1990 and Jim was born in 2017.	Jim was born before Rachel.
contradiction	Ed was born in 1993 and Donald was born in 2005.	Donald was born before Ed.
contradiction	Jason was born in 1992 and Ron was born in 2013.	Ron was born before Jason.
contradiction	Chris was born in 1997 and Alison was born in 2004.	Alison was born before Chris.
contradiction	Jonathan was born in 2003 and Joseph was born in 2019.	Joseph was born before Jonathan.
contradiction	Emily was born in 2002 and Christine was born in 2004.	Christine was born before Emily.
contradiction	Katie was born in 1993 and Stephanie was born in 2002.	Stephanie was born before Katie.
contradiction	Stephen was born in 1994 and Adam was born in 2001.	Adam was born before Stephen.
contradiction	Ashley was born in 1998 and Dorothy was born in 2010.	Dorothy was born before Ashley.
contradiction	Evelyn was born in 1997 and Ryan was born in 2006.	Ryan was born before Evelyn.
contradiction	Michelle was born in 1990 and Barbara was born in 1992.	Barbara was born before Michelle.
contradiction	Patricia was born in 1994 and Stephen was born in 1996.	Stephen was born before Patricia.
contradiction	Alison was born in 2001 and Rebecca was born in 2011.	Rebecca was born before Alison.
contradiction	Edward was born in 1993 and Emma was born in 1994.	Emma was born before Edward.
contradiction	Ann was born in 1997 and Sophie was born in 2008.	Sophie was born before Ann.
contradiction	Dave was born in 1990 and Florence was born in 2006.	Florence was born before Dave.
contradiction	Don was born in 1999 and Betty was born in 2008.	Betty was born before Don.
contradiction	Christine was born in 1991 and Claire was born in 2002.	Claire was born before Christine.
contradiction	Eric was born in 1991 and Jeff was born in 1999.	Jeff was born before Eric.
contradiction	Kathryn was born in 2009 and Don was born in 2018.	Don was born before Kathryn.
contradiction	Stephen was born in 1992 and Kevin was born in 1994.	Kevin was born before Stephen.
contradiction	Matthew was born in 1994 and Jonathan was born in 2003.	Jonathan was born before Matthew.
contradiction	Diane was born in 2005 and Martin was born in 2013.	Martin was born before Diane.
contradiction	Linda was born in 1994 and Francis was born in 2004.	Francis was born before Linda.
contradiction	Susan was born in 1996 and Charlie was born in 1998.	Charlie was born before Susan.
contradiction	Jay was born in 1990 and Richard was born in 2004.	Richard was born before Jay.
contradiction	Suzanne was born in 2016 and Roger was born in 2019.	Roger was born before Suzanne.
contradiction	Scott was born in 1995 and Gary was born in 2000.	Gary was born before Scott.
contradiction	Emily was born in 1993 and Kevin was born in 2005.	Kevin was born before Emily.
contradiction	Annie was born in 1999 and Grace was born in 2018.	Grace was born before Annie.
contradiction	Matt was born in 1996 and Kim was born in 2010.	Kim was born before Matt.
contradiction	Robin was born in 2005 and Emma was born in 2010.	Emma was born before Robin.
contradiction	Walter was born in 1998 and Wendy was born in 2015.	Wendy was born before Walter.
contradiction	Larry was born in 2016 and Daniel was born in 2017.	Daniel was born before Larry.
contradiction	Victoria was born in 1993 and Grace was born in 1998.	Grace was born before Victoria.
contradiction	John was born in 1997 and Carl was born in 2016.	Carl was born before John.
contradiction	Ann was born in 2001 and Paul was born in 2019.	Paul was born before Ann.
contradiction	Harold was born in 1998 and Keith was born in 2003.	Keith was born before Harold.
contradiction	Jill was born in 1996 and Sam was born in 1999.	Sam was born before Jill.
contradiction	Melissa was born in 2004 and Nancy was born in 2014.	Nancy was born before Melissa.
contradiction	Alex was born in 2003 and Rebecca was born in 2007.	Rebecca was born before Alex.
contradiction	Jennifer was born in 2006 and Hugh was born in 2017.	Hugh was born before Jennifer.
contradiction	Julie was born in 2007 and Kim was born in 2020.	Kim was born before Julie.
contradiction	Jason was born in 1994 and Dan was born in 1997.	Dan was born before Jason.
contradiction	Nick was born in 1999 and Anna was born in 2008.	Anna was born before Nick.
contradiction	Carol was born in 1990 and Nick was born in 1991.	Nick was born before Carol.
contradiction	Grace was born in 1994 and Sophie was born in 2004.	Sophie was born before Grace.
contradiction	Frances was born in 1990 and Jerry was born in 1991.	Jerry was born before Frances.
contradiction	John was born in 1993 and Christopher was born in 2000.	Christopher was born before John.
contradiction	Wendy was born in 2007 and Mary was born in 2015.	Mary was born before Wendy.
contradiction	Greg was born in 1990 and Kathryn was born in 1991.	Kathryn was born before Greg.
contradiction	Carl was born in 1991 and Kathryn was born in 1993.	Kathryn was born before Carl.
contradiction	Patrick was born in 2008 and Jerry was born in 2013.	Jerry was born before Patrick.
contradiction	Grace was born in 1990 and Sarah was born in 2020.	Sarah was born before Grace.
contradiction	Julia was born in 1990 and Fred was born in 1991.	Fred was born before Julia.
contradiction	Catherine was born in 1993 and Eric was born in 2019.	Eric was born before Catherine.
contradiction	Jack was born in 1999 and Elizabeth was born in 2007.	Elizabeth was born before Jack.
contradiction	Sharon was born in 1991 and Judy was born in 1998.	Judy was born before Sharon.
contradiction	Ian was born in 1998 and Eric was born in 2001.	Eric was born before Ian.
contradiction	Al was born in 1991 and Frank was born in 1994.	Frank was born before Al.
contradiction	Harriet was born in 2011 and Nancy was born in 2016.	Nancy was born before Harriet.
contradiction	Nancy was born in 2018 and Tim was born in 2019.	Tim was born before Nancy.
contradiction	Marie was born in 1991 and Ray was born in 2010.	Ray was born before Marie.
contradiction	Ben was born in 1997 and Martin was born in 2003.	Martin was born before Ben.
contradiction	Matthew was born in 2000 and Jim was born in 2018.	Jim was born before Matthew.
contradiction	Caroline was born in 1995 and Nicole was born in 2007.	Nicole was born before Caroline.
contradiction	Louise was born in 2002 and Lisa was born in 2003.	Lisa was born before Louise.
contradiction	Michael was born in 2001 and Amy was born in 2003.	Amy was born before Michael.
contradiction	Lucy was born in 2000 and Simon was born in 2007.	Simon was born before Lucy.
contradiction	Sara was born in 1994 and Hugh was born in 1995.	Hugh was born before Sara.
contradiction	Peter was born in 1994 and Maria was born in 1997.	Maria was born before Peter.
contradiction	Emma was born in 2004 and Marie was born in 2009.	Marie was born before Emma.
contradiction	Christine was born in 1990 and Ian was born in 2000.	Ian was born before Christine.
contradiction	Alfred was born in 2002 and Jay was born in 2010.	Jay was born before Alfred.
contradiction	Emily was born in 2008 and Elizabeth was born in 2009.	Elizabeth was born before Emily.
contradiction	Martin was born in 2001 and John was born in 2006.	John was born before Martin.
contradiction	Steven was born in 1993 and Sara was born in 1995.	Sara was born before Steven.
contradiction	Donald was born in 2004 and Mary was born in 2008.	Mary was born before Donald.
contradiction	Edward was born in 1991 and Peter was born in 2000.	Peter was born before Edward.
contradiction	Karen was born in 1990 and Chris was born in 1997.	Chris was born before Karen.
contradiction	Alison was born in 2002 and Annie was born in 2005.	Annie was born before Alison.
contradiction	Elaine was born in 2002 and Brian was born in 2017.	Brian was born before Elaine.
contradiction	Ray was born in 1994 and Lauren was born in 2000.	Lauren was born before Ray.
contradiction	Chris was born in 2006 and Ray was born in 2012.	Ray was born before Chris.
contradiction	Andrea was born in 2002 and Jack was born in 2005.	Jack was born before Andrea.
contradiction	Dan was born in 1990 and Peter was born in 1997.	Peter was born before Dan.
contradiction	Alexandra was born in 1991 and Susan was born in 1992.	Susan was born before Alexandra.
contradiction	Anna was born in 1994 and Melissa was born in 2012.	Melissa was born before Anna.
contradiction	Ken was born in 1994 and Edward was born in 2012.	Edward was born before Ken.
contradiction	Annie was born in 2001 and Thomas was born in 2006.	Thomas was born before Annie.
contradiction	Nancy was born in 1990 and Charles was born in 1996.	Charles was born before Nancy.
contradiction	Sharon was born in 1994 and Fred was born in 1997.	Fred was born before Sharon.
contradiction	Pamela was born in 2010 and Brian was born in 2013.	Brian was born before Pamela.
contradiction	Kelly was born in 1990 and Charlie was born in 1992.	Charlie was born before Kelly.
contradiction	Gary was born in 2006 and Sharon was born in 2011.	Sharon was born before Gary.
contradiction	Ron was born in 1999 and Mary was born in 2002.	Mary was born before Ron.
contradiction	Christine was born in 1995 and Emily was born in 1998.	Emily was born before Christine.
contradiction	John was born in 2001 and Marilyn was born in 2005.	Marilyn was born before John.
contradiction	Joe was born in 1994 and Keith was born in 2012.	Keith was born before Joe.
contradiction	Mike was born in 1993 and Jay was born in 2016.	Jay was born before Mike.
contradiction	Matt was born in 2004 and Linda was born in 2012.	Linda was born before Matt.
contradiction	Jill was born in 1997 and Mary was born in 2008.	Mary was born before Jill.
contradiction	Suzanne was born in 2006 and Angela was born in 2008.	Angela was born before Suzanne.
contradiction	Sarah was born in 2005 and Bob was born in 2019.	Bob was born before Sarah.
contradiction	Don was born in 1993 and Francis was born in 2006.	Francis was born before Don.
contradiction	Kevin was born in 1990 and Catherine was born in 2003.	Catherine was born before Kevin.
contradiction	Benjamin was born in 1996 and Ken was born in 1998.	Ken was born before Benjamin.
contradiction	Sally was born in 1993 and Ed was born in 2018.	Ed was born before Sally.
contradiction	Alexander was born in 2009 and Bob was born in 2015.	Bob was born before Alexander.
contradiction	Francis was born in 2013 and Matt was born in 2016.	Matt was born before Francis.
contradiction	Katherine was born in 1990 and Sam was born in 1995.	Sam was born before Katherine.
contradiction	Annie was born in 1991 and Grace was born in 1992.	Grace was born before Annie.
contradiction	James was born in 1996 and Katherine was born in 2007.	Katherine was born before James.
contradiction	Don was born in 1990 and Alan was born in 1991.	Alan was born before Don.
contradiction	Laura was born in 1990 and Caroline was born in 1995.	Caroline was born before Laura.
contradiction	Thomas was born in 2006 and Lauren was born in 2017.	Lauren was born before Thomas.
contradiction	Eric was born in 1997 and Bill was born in 2011.	Bill was born before Eric.
contradiction	Sara was born in 2008 and Mark was born in 2010.	Mark was born before Sara.
contradiction	Harriet was born in 1994 and Eleanor was born in 2004.	Eleanor was born before Harriet.
contradiction	William was born in 1995 and Ruth was born in 2005.	Ruth was born before William.
contradiction	Howard was born in 1991 and Stephanie was born in 1992.	Stephanie was born before Howard.
contradiction	Judy was born in 1993 and Martha was born in 1998.	Martha was born before Judy.
contradiction	Emma was born in 1990 and Patricia was born in 1991.	Patricia was born before Emma.
contradiction	Diana was born in 1992 and Jeff was born in 1993.	Jeff was born before Diana.
contradiction	Peter was born in 1994 and Alice was born in 2003.	Alice was born before Peter.
contradiction	Bobby was born in 1998 and Deborah was born in 2020.	Deborah was born before Bobby.
contradiction	Brian was born in 1991 and Francis was born in 1992.	Francis was born before Brian.
contradiction	Michelle was born in 1993 and Nick was born in 2019.	Nick was born before Michelle.
contradiction	Jim was born in 1990 and Marilyn was born in 1994.	Marilyn was born before Jim.
contradiction	Matthew was born in 2016 and Robert was born in 2017.	Robert was born before Matthew.
contradiction	Laura was born in 1992 and Harriet was born in 1996.	Harriet was born before Laura.
contradiction	Steve was born in 1995 and George was born in 1999.	George was born before Steve.
contradiction	Eleanor was born in 2001 and Larry was born in 2007.	Larry was born before Eleanor.
contradiction	Sue was born in 1990 and Steven was born in 1995.	Steven was born before Sue.
contradiction	Jay was born in 1999 and Simon was born in 2001.	Simon was born before Jay.
contradiction	Emily was born in 2008 and Stephen was born in 2014.	Stephen was born before Emily.
contradiction	Virginia was born in 1994 and Lisa was born in 2017.	Lisa was born before Virginia.
contradiction	Alan was born in 1991 and Anne was born in 2010.	Anne was born before Alan.
contradiction	Anne was born in 2010 and Christopher was born in 2013.	Christopher was born before Anne.
contradiction	Frances was born in 1993 and Harry was born in 1994.	Harry was born before Frances.
contradiction	Mark was born in 2006 and Roger was born in 2015.	Roger was born before Mark.
contradiction	Martha was born in 1998 and Ian was born in 2011.	Ian was born before Martha.
contradiction	Lawrence was born in 2013 and Joan was born in 2015.	Joan was born before Lawrence.
contradiction	Gary was born in 1990 and Patrick was born in 2007.	Patrick was born before Gary.
contradiction	Marie was born in 1993 and Alexandra was born in 2018.	Alexandra was born before Marie.
contradiction	Alison was born in 1996 and Lynn was born in 2003.	Lynn was born before Alison.
contradiction	Louise was born in 1990 and Gary was born in 1998.	Gary was born before Louise.
contradiction	Lawrence was born in 1996 and Katie was born in 1998.	Katie was born before Lawrence.
contradiction	Lisa was born in 1995 and Cynthia was born in 2005.	Cynthia was born before Lisa.
contradiction	Alice was born in 1994 and Dick was born in 2011.	Dick was born before Alice.
contradiction	Samuel was born in 1999 and Julia was born in 2011.	Julia was born before Samuel.
contradiction	Colin was born in 1990 and Henry was born in 1991.	Henry was born before Colin.
contradiction	Matthew was born in 2006 and Ben was born in 2011.	Ben was born before Matthew.
contradiction	Patrick was born in 1998 and Heather was born in 2020.	Heather was born before Patrick.
contradiction	Kathleen was born in 1990 and Frank was born in 2015.	Frank was born before Kathleen.
contradiction	Tim was born in 1991 and Richard was born in 1993.	Richard was born before Tim.
contradiction	Jonathan was born in 1994 and James was born in 2002.	James was born before Jonathan.
contradiction	Charlotte was born in 1992 and Annie was born in 2005.	Annie was born before Charlotte.
contradiction	Sue was born in 2007 and Hugh was born in 2014.	Hugh was born before Sue.
contradiction	Nancy was born in 1999 and Bobby was born in 2015.	Bobby was born before Nancy.
contradiction	Matthew was born in 2007 and Kenneth was born in 2014.	Kenneth was born before Matthew.
contradiction	Jimmy was born in 1990 and Fiona was born in 2014.	Fiona was born before Jimmy.
contradiction	Ann was born in 1990 and Diana was born in 1994.	Diana was born before Ann.
contradiction	Steven was born in 2010 and Howard was born in 2013.	Howard was born before Steven.
contradiction	Eric was born in 2002 and Gary was born in 2004.	Gary was born before Eric.
contradiction	Annie was born in 1991 and Mary was born in 2019.	Mary was born before Annie.
contradiction	Ed was born in 2011 and Kathryn was born in 2015.	Kathryn was born before Ed.
contradiction	Alan was born in 1996 and Louis was born in 2001.	Louis was born before Alan.
contradiction	Daniel was born in 2004 and Martha was born in 2014.	Martha was born before Daniel.
contradiction	Samuel was born in 1990 and Bob was born in 2007.	Bob was born before Samuel.
contradiction	Joseph was born in 2011 and William was born in 2014.	William was born before Joseph.
contradiction	Jonathan was born in 1990 and Martin was born in 1998.	Martin was born before Jonathan.
contradiction	Kelly was born in 2018 and Sam was born in 2020.	Sam was born before Kelly.
contradiction	Jean was born in 2006 and Alison was born in 2012.	Alison was born before Jean.
contradiction	Carolyn was born in 1993 and Kate was born in 2017.	Kate was born before Carolyn.
contradiction	Brian was born in 2003 and Suzanne was born in 2005.	Suzanne was born before Brian.
contradiction	Amy was born in 2006 and Dick was born in 2014.	Dick was born before Amy.
contradiction	Stephanie was born in 1999 and Alexander was born in 2014.	Alexander was born before Stephanie.
contradiction	Sandra was born in 1991 and Leslie was born in 1992.	Leslie was born before Sandra.
contradiction	Judy was born in 1990 and Christine was born in 1993.	Christine was born before Judy.
contradiction	Matthew was born in 1991 and Bobby was born in 1996.	Bobby was born before Matthew.
contradiction	Lynn was born in 2003 and Rebecca was born in 2004.	Rebecca was born before Lynn.
contradiction	Donald was born in 2004 and Nicole was born in 2014.	Nicole was born before Donald.
contradiction	Jonathan was born in 1993 and Henry was born in 2006.	Henry was born before Jonathan.
contradiction	Ruth was born in 1999 and Alexander was born in 2002.	Alexander was born before Ruth.
contradiction	Ruth was born in 2009 and Joseph was born in 2014.	Joseph was born before Ruth.
contradiction	Claire was born in 1995 and Frederick was born in 2017.	Frederick was born before Claire.
contradiction	Steven was born in 1990 and Claire was born in 1991.	Claire was born before Steven.
contradiction	Bob was born in 1990 and Harold was born in 1992.	Harold was born before Bob.
contradiction	Kelly was born in 1996 and Philip was born in 1999.	Philip was born before Kelly.
contradiction	Susan was born in 2002 and Amy was born in 2016.	Amy was born before Susan.
contradiction	Hugh was born in 1995 and Evelyn was born in 1998.	Evelyn was born before Hugh.
contradiction	Ian was born in 1990 and Billy was born in 1992.	Billy was born before Ian.
contradiction	Catherine was born in 1995 and Michael was born in 1996.	Michael was born before Catherine.
contradiction	Matt was born in 1995 and Roger was born in 1996.	Roger was born before Matt.
contradiction	Jimmy was born in 1997 and Susan was born in 2000.	Susan was born before Jimmy.
contradiction	Charles was born in 2004 and Patrick was born in 2005.	Patrick was born before Charles.
contradiction	Joseph was born in 1996 and Sandra was born in 2001.	Sandra was born before Joseph.
contradiction	Matt was born in 2006 and Emily was born in 2020.	Emily was born before Matt.
contradiction	Anthony was born in 1997 and Alan was born in 2002.	Alan was born before Anthony.
contradiction	Carl was born in 2012 and Sara was born in 2013.	Sara was born before Carl.
contradiction	Nick was born in 1995 and Betty was born in 2015.	Betty was born before Nick.
contradiction	Mike was born in 2004 and Mary was born in 2017.	Mary was born before Mike.
contradiction	Diane was born in 1990 and Joe was born in 1994.	Joe was born before Diane.
contradiction	Betty was born in 1991 and Frederick was born in 2004.	Frederick was born before Betty.
contradiction	Rebecca was born in 2008 and Joan was born in 2014.	Joan was born before Rebecca.
contradiction	Bill was born in 1993 and Jennifer was born in 1995.	Jennifer was born before Bill.
contradiction	Lisa was born in 1994 and Kim was born in 2009.	Kim was born before Lisa.
contradiction	Harry was born in 1993 and Robert was born in 1994.	Robert was born before Harry.
contradiction	Alexandra was born in 1996 and Jerry was born in 2007.	Jerry was born before Alexandra.
contradiction	Grace was born in 1991 and Tim was born in 1996.	Tim was born before Grace.
contradiction	Anne was born in 1997 and Adam was born in 2002.	Adam was born before Anne.
contradiction	Sally was born in 1995 and Hugh was born in 1996.	Hugh was born before Sally.
contradiction	Suzanne was born in 2010 and Caroline was born in 2020.	Caroline was born before Suzanne.
contradiction	Samuel was born in 1994 and Joe was born in 1995.	Joe was born before Samuel.
contradiction	Leslie was born in 1990 and Kim was born in 1994.	Kim was born before Leslie.
contradiction	Angela was born in 1999 and Hugh was born in 2014.	Hugh was born before Angela.
contradiction	Leslie was born in 2008 and Kathleen was born in 2020.	Kathleen was born before Leslie.
contradiction	Katie was born in 2005 and Katherine was born in 2013.	Katherine was born before Katie.
contradiction	Ray was born in 2010 and Walter was born in 2011.	Walter was born before Ray.
contradiction	Charles was born in 2001 and Jeff was born in 2011.	Jeff was born before Charles.
contradiction	Alexandra was born in 2006 and Rebecca was born in 2010.	Rebecca was born before Alexandra.
contradiction	Sandra was born in 1996 and Lynn was born in 1999.	Lynn was born before Sandra.
contradiction	Stephanie was born in 2001 and Jeff was born in 2007.	Jeff was born before Stephanie.
contradiction	Samuel was born in 2002 and Ian was born in 2005.	Ian was born before Samuel.
contradiction	Jennifer was born in 1991 and Richard was born in 2004.	Richard was born before Jennifer.
contradiction	Scott was born in 1997 and Elizabeth was born in 2011.	Elizabeth was born before Scott.
contradiction	Adam was born in 1991 and Jessica was born in 2000.	Jessica was born before Adam.
contradiction	Sophie was born in 1998 and Tony was born in 2012.	Tony was born before Sophie.
contradiction	Dorothy was born in 1995 and David was born in 1998.	David was born before Dorothy.
contradiction	Francis was born in 1994 and Dick was born in 2011.	Dick was born before Francis.
contradiction	Anna was born in 1995 and Laura was born in 2006.	Laura was born before Anna.
contradiction	Steven was born in 1990 and Nancy was born in 2011.	Nancy was born before Steven.
contradiction	Anna was born in 1991 and Jane was born in 2001.	Jane was born before Anna.
contradiction	Jay was born in 2010 and Jonathan was born in 2015.	Jonathan was born before Jay.
contradiction	Amanda was born in 2001 and Angela was born in 2019.	Angela was born before Amanda.
contradiction	Sara was born in 1990 and Dave was born in 1995.	Dave was born before Sara.
contradiction	Jay was born in 1993 and Jack was born in 2007.	Jack was born before Jay.
contradiction	Julia was born in 2007 and Dave was born in 2010.	Dave was born before Julia.
contradiction	Dick was born in 2002 and Emily was born in 2009.	Emily was born before Dick.
contradiction	Suzanne was born in 1991 and Dan was born in 1993.	Dan was born before Suzanne.
contradiction	Karen was born in 1995 and Jean was born in 2015.	Jean was born before Karen.
contradiction	Howard was born in 2004 and Dick was born in 2012.	Dick was born before Howard.
contradiction	Amy was born in 2007 and Louis was born in 2009.	Louis was born before Amy.
contradiction	Heather was born in 1996 and Steven was born in 2016.	Steven was born before Heather.
contradiction	Barbara was born in 1991 and Dorothy was born in 1992.	Dorothy was born before Barbara.
contradiction	Gary was born in 2006 and Cynthia was born in 2012.	Cynthia was born before Gary.
contradiction	Susan was born in 1993 and Jean was born in 2013.	Jean was born before Susan.
contradiction	Lisa was born in 1996 and Tom was born in 2000.	Tom was born before Lisa.
contradiction	Helen was born in 1992 and Arthur was born in 2008.	Arthur was born before Helen.
contradiction	Dan was born in 1997 and Diana was born in 1998.	Diana was born before Dan.
contradiction	David was born in 1990 and Kathy was born in 1993.	Kathy was born before David.
contradiction	Howard was born in 2001 and Margaret was born in 2019.	Margaret was born before Howard.
contradiction	Leslie was born in 2001 and Amanda was born in 2010.	Amanda was born before Leslie.
contradiction	Alex was born in 1994 and Eric was born in 2006.	Eric was born before Alex.
contradiction	Steve was born in 2001 and Kenneth was born in 2020.	Kenneth was born before Steve.
contradiction	Johnny was born in 2015 and Eric was born in 2019.	Eric was born before Johnny.
contradiction	Louis was born in 2004 and Samuel was born in 2007.	Samuel was born before Louis.
contradiction	Martha was born in 1990 and Louise was born in 2004.	Louise was born before Martha.
contradiction	Rebecca was born in 1992 and Fred was born in 1994.	Fred was born before Rebecca.
contradiction	David was born in 1990 and Carolyn was born in 1991.	Carolyn was born before David.
contradiction	Ryan was born in 1991 and Grace was born in 1995.	Grace was born before Ryan.
contradiction	Karen was born in 1994 and Dan was born in 1996.	Dan was born before Karen.
contradiction	Matt was born in 1990 and Elizabeth was born in 1991.	Elizabeth was born before Matt.
contradiction	Jane was born in 1994 and Gary was born in 1995.	Gary was born before Jane.
contradiction	Julia was born in 2006 and Steve was born in 2008.	Steve was born before Julia.
contradiction	Lisa was born in 2000 and Katherine was born in 2010.	Katherine was born before Lisa.
contradiction	Sandra was born in 2006 and Sara was born in 2014.	Sara was born before Sandra.
contradiction	Margaret was born in 1996 and Bobby was born in 1997.	Bobby was born before Margaret.
contradiction	Jimmy was born in 1994 and Albert was born in 2018.	Albert was born before Jimmy.
contradiction	Ashley was born in 1993 and Ed was born in 1994.	Ed was born before Ashley.
contradiction	Simon was born in 1991 and Gary was born in 2019.	Gary was born before Simon.
contradiction	Christopher was born in 2009 and Jane was born in 2019.	Jane was born before Christopher.
contradiction	Betty was born in 2009 and Jay was born in 2012.	Jay was born before Betty.
contradiction	Dick was born in 1994 and Amy was born in 1997.	Amy was born before Dick.
contradiction	Jean was born in 1998 and Jill was born in 2005.	Jill was born before Jean.
contradiction	Martin was born in 1990 and Anna was born in 1992.	Anna was born before Martin.
contradiction	Philip was born in 1992 and Victoria was born in 2000.	Victoria was born before Philip.
contradiction	Richard was born in 1998 and Ian was born in 2005.	Ian was born before Richard.
contradiction	Marie was born in 1999 and Ann was born in 2001.	Ann was born before Marie.
contradiction	Pamela was born in 1993 and Kathy was born in 2010.	Kathy was born before Pamela.
contradiction	Ashley was born in 1990 and Greg was born in 2000.	Greg was born before Ashley.
contradiction	Larry was born in 2005 and Mary was born in 2015.	Mary was born before Larry.
contradiction	Rachel was born in 1999 and Kathleen was born in 2007.	Kathleen was born before Rachel.
contradiction	Stephanie was born in 1991 and Steve was born in 2000.	Steve was born before Stephanie.
contradiction	Fiona was born in 1990 and Alison was born in 2018.	Alison was born before Fiona.
contradiction	Nancy was born in 1995 and Mike was born in 2020.	Mike was born before Nancy.
contradiction	Marilyn was born in 1994 and Philip was born in 2012.	Philip was born before Marilyn.
contradiction	Steven was born in 1997 and Anne was born in 2001.	Anne was born before Steven.
contradiction	Larry was born in 1990 and Charlotte was born in 2013.	Charlotte was born before Larry.
contradiction	Emma was born in 2002 and Arthur was born in 2015.	Arthur was born before Emma.
contradiction	Alison was born in 2003 and Melissa was born in 2009.	Melissa was born before Alison.
contradiction	Michelle was born in 1990 and Bruce was born in 2006.	Bruce was born before Michelle.
contradiction	Nick was born in 2002 and Ron was born in 2014.	Ron was born before Nick.
contradiction	Betty was born in 1996 and Frances was born in 2005.	Frances was born before Betty.
contradiction	Ellen was born in 1992 and Lisa was born in 2001.	Lisa was born before Ellen.
contradiction	Anthony was born in 1990 and Lawrence was born in 2002.	Lawrence was born before Anthony.
contradiction	Kathy was born in 1997 and George was born in 2017.	George was born before Kathy.
contradiction	Elizabeth was born in 2012 and Thomas was born in 2014.	Thomas was born before Elizabeth.
contradiction	Charlie was born in 1994 and Colin was born in 1997.	Colin was born before Charlie.
contradiction	Cynthia was born in 2007 and Edward was born in 2010.	Edward was born before Cynthia.
contradiction	Ruth was born in 1995 and Alfred was born in 2010.	Alfred was born before Ruth.
contradiction	Lawrence was born in 1998 and Catherine was born in 2002.	Catherine was born before Lawrence.
contradiction	Ed was born in 1992 and Kate was born in 1994.	Kate was born before Ed.
contradiction	Robert was born in 1990 and Alfred was born in 1996.	Alfred was born before Robert.
contradiction	Dave was born in 1998 and Kate was born in 2019.	Kate was born before Dave.
contradiction	Benjamin was born in 1993 and Helen was born in 2016.	Helen was born before Benjamin.
contradiction	Melissa was born in 1991 and Eric was born in 1997.	Eric was born before Melissa.
contradiction	Wendy was born in 1993 and Matthew was born in 2006.	Matthew was born before Wendy.
contradiction	Richard was born in 2006 and Jonathan was born in 2011.	Jonathan was born before Richard.
contradiction	Mark was born in 1990 and Howard was born in 1997.	Howard was born before Mark.
contradiction	Rachel was born in 1992 and Deborah was born in 1993.	Deborah was born before Rachel.
contradiction	Lucy was born in 1991 and Sharon was born in 2019.	Sharon was born before Lucy.
contradiction	Anna was born in 1996 and Mark was born in 1999.	Mark was born before Anna.
contradiction	Peter was born in 2004 and Robin was born in 2016.	Robin was born before Peter.
contradiction	Sarah was born in 1995 and Stephanie was born in 2006.	Stephanie was born before Sarah.
contradiction	Tim was born in 2004 and Lauren was born in 2019.	Lauren was born before Tim.
contradiction	Bruce was born in 1990 and Annie was born in 2009.	Annie was born before Bruce.
contradiction	Andrea was born in 1997 and Ann was born in 2001.	Ann was born before Andrea.
contradiction	Kenneth was born in 2001 and Steve was born in 2003.	Steve was born before Kenneth.
contradiction	Frank was born in 1998 and Roger was born in 2014.	Roger was born before Frank.
contradiction	Scott was born in 1994 and Donna was born in 2006.	Donna was born before Scott.
contradiction	James was born in 2000 and Kenneth was born in 2018.	Kenneth was born before James.
contradiction	Nancy was born in 1993 and Harriet was born in 2015.	Harriet was born before Nancy.
contradiction	Evelyn was born in 1995 and Patrick was born in 2001.	Patrick was born before Evelyn.
contradiction	Lauren was born in 1999 and Ashley was born in 2007.	Ashley was born before Lauren.
contradiction	Billy was born in 1999 and Kathy was born in 2014.	Kathy was born before Billy.
contradiction	Joseph was born in 2008 and Bill was born in 2012.	Bill was born before Joseph.
contradiction	Jay was born in 2004 and Billy was born in 2008.	Billy was born before Jay.
contradiction	Katie was born in 1994 and Francis was born in 1999.	Francis was born before Katie.
contradiction	Ellen was born in 1997 and Lisa was born in 2013.	Lisa was born before Ellen.
contradiction	Dorothy was born in 2009 and Jimmy was born in 2013.	Jimmy was born before Dorothy.
contradiction	Marie was born in 2002 and Alison was born in 2012.	Alison was born before Marie.
contradiction	Dick was born in 1996 and Mark was born in 2002.	Mark was born before Dick.
contradiction	Alison was born in 1991 and Ann was born in 2004.	Ann was born before Alison.
contradiction	Daniel was born in 1991 and Roger was born in 2014.	Roger was born before Daniel.
contradiction	Jessica was born in 1992 and Mike was born in 2019.	Mike was born before Jessica.
contradiction	Laura was born in 1997 and Elaine was born in 2005.	Elaine was born before Laura.
contradiction	Jennifer was born in 2000 and Leslie was born in 2019.	Leslie was born before Jennifer.
contradiction	Ruth was born in 2012 and Bobby was born in 2015.	Bobby was born before Ruth.
contradiction	Steve was born in 1994 and Frank was born in 1996.	Frank was born before Steve.
contradiction	Louise was born in 1992 and Ann was born in 1994.	Ann was born before Louise.
contradiction	Amanda was born in 2008 and Katie was born in 2014.	Katie was born before Amanda.
contradiction	Lauren was born in 1992 and Kenneth was born in 1997.	Kenneth was born before Lauren.
contradiction	Ryan was born in 1994 and Matthew was born in 1995.	Matthew was born before Ryan.
contradiction	Joan was born in 1991 and Edwin was born in 2004.	Edwin was born before Joan.
contradiction	Donald was born in 1991 and Emily was born in 2017.	Emily was born before Donald.
contradiction	Grace was born in 1995 and Brian was born in 2014.	Brian was born before Grace.
contradiction	Sue was born in 1990 and Suzanne was born in 1994.	Suzanne was born before Sue.
contradiction	Joe was born in 1992 and Francis was born in 2020.	Francis was born before Joe.
contradiction	Sara was born in 1997 and Elizabeth was born in 2006.	Elizabeth was born before Sara.
contradiction	Al was born in 2005 and Billy was born in 2011.	Billy was born before Al.
contradiction	Robin was born in 2010 and Henry was born in 2014.	Henry was born before Robin.
contradiction	Robert was born in 2012 and Kim was born in 2016.	Kim was born before Robert.
contradiction	James was born in 2009 and Steve was born in 2010.	Steve was born before James.
contradiction	Howard was born in 1997 and Lisa was born in 2003.	Lisa was born before Howard.
contradiction	Andrea was born in 1993 and Henry was born in 1994.	Henry was born before Andrea.
contradiction	Ruth was born in 1991 and Louis was born in 2002.	Louis was born before Ruth.
contradiction	Philip was born in 1998 and Kathleen was born in 2017.	Kathleen was born before Philip.
contradiction	Diane was born in 2005 and Betty was born in 2020.	Betty was born before Diane.
contradiction	Alice was born in 1999 and Harry was born in 2009.	Harry was born before Alice.
contradiction	Annie was born in 1990 and Pamela was born in 2004.	Pamela was born before Annie.
contradiction	Peter was born in 1991 and Jason was born in 2005.	Jason was born before Peter.
contradiction	Dorothy was born in 2002 and Jerry was born in 2018.	Jerry was born before Dorothy.
contradiction	Ian was born in 1990 and Bobby was born in 1991.	Bobby was born before Ian.
contradiction	Diana was born in 2002 and Kathy was born in 2009.	Kathy was born before Diana.
contradiction	Stephen was born in 1992 and Cynthia was born in 1999.	Cynthia was born before Stephen.
contradiction	Keith was born in 1997 and Frances was born in 1999.	Frances was born before Keith.
contradiction	Judith was born in 1990 and Alexandra was born in 2006.	Alexandra was born before Judith.
contradiction	Walter was born in 2004 and Jonathan was born in 2008.	Jonathan was born before Walter.
contradiction	Janet was born in 1991 and Kathleen was born in 2013.	Kathleen was born before Janet.
contradiction	Samuel was born in 1997 and Bob was born in 1999.	Bob was born before Samuel.
contradiction	Tony was born in 1998 and Ellen was born in 2015.	Ellen was born before Tony.
contradiction	Ben was born in 1990 and Sandra was born in 1995.	Sandra was born before Ben.
contradiction	Adam was born in 1991 and Charles was born in 1999.	Charles was born before Adam.
contradiction	Al was born in 1993 and Helen was born in 1997.	Helen was born before Al.
contradiction	Kevin was born in 2008 and Dorothy was born in 2009.	Dorothy was born before Kevin.
contradiction	Jessica was born in 1991 and Lynn was born in 2009.	Lynn was born before Jessica.
contradiction	Mike was born in 1992 and Ben was born in 1996.	Ben was born before Mike.
contradiction	Sophie was born in 1999 and Alice was born in 2002.	Alice was born before Sophie.
contradiction	Walter was born in 2004 and Annie was born in 2013.	Annie was born before Walter.
contradiction	Jill was born in 1990 and Christopher was born in 1997.	Christopher was born before Jill.
contradiction	Patricia was born in 1998 and Bill was born in 2013.	Bill was born before Patricia.
contradiction	Anna was born in 1992 and Donald was born in 1993.	Donald was born before Anna.
contradiction	Eleanor was born in 1997 and Joe was born in 2011.	Joe was born before Eleanor.
contradiction	Nick was born in 2003 and Alison was born in 2007.	Alison was born before Nick.
contradiction	Louis was born in 1992 and Billy was born in 1993.	Billy was born before Louis.
contradiction	Jane was born in 2002 and Carolyn was born in 2005.	Carolyn was born before Jane.
contradiction	Pamela was born in 1993 and Eric was born in 2002.	Eric was born before Pamela.
contradiction	Caroline was born in 2006 and Carol was born in 2010.	Carol was born before Caroline.
contradiction	Mark was born in 1999 and Nancy was born in 2005.	Nancy was born before Mark.
contradiction	Julie was born in 2009 and Benjamin was born in 2020.	Benjamin was born before Julie.
contradiction	Susan was born in 2003 and Francis was born in 2017.	Francis was born before Susan.
contradiction	Donald was born in 1990 and Billy was born in 1992.	Billy was born before Donald.
contradiction	John was born in 2002 and Rebecca was born in 2009.	Rebecca was born before John.
contradiction	Lisa was born in 1992 and Ben was born in 1995.	Ben was born before Lisa.
contradiction	Roy was born in 2001 and Mary was born in 2010.	Mary was born before Roy.
contradiction	Jack was born in 1992 and Stephanie was born in 2011.	Stephanie was born before Jack.
contradiction	Cynthia was born in 1994 and Christine was born in 1998.	Christine was born before Cynthia.
contradiction	Don was born in 1990 and Victoria was born in 2003.	Victoria was born before Don.
contradiction	Carl was born in 2018 and Suzanne was born in 2020.	Suzanne was born before Carl.
contradiction	Gary was born in 1995 and Martha was born in 2002.	Martha was born before Gary.
contradiction	Roy was born in 1990 and Louise was born in 2005.	Louise was born before Roy.
contradiction	Arthur was born in 2016 and Catherine was born in 2019.	Catherine was born before Arthur.
